S02B000052413854325F4D43494C56315F3253504D5F4C4553535F464F435F4532535F563130312E73726563DF
S31502000000A0040022F56C0002CD6B0002F16C000226
S31502000010F16C0002F16C0002F16C0002F16C00025C
S31502000020000000000000000000000000F16C000269
S31502000030F16C000200000000F16C0002F16C00029B
S31502000040494B0002D55C0002816600022D67000260
S31502000050DD6700021D680002494B0002D55C000202
S3150200006001010000040000006666A63FC364AA3AC6
S31502000070C364AA3A4356373C670576360000964370
S315020000800000803F040000006666A63FC364AA3AE9
S31502000090C364AA3A4356373C670576360000964350
S315020000A00000803F4800002200000000F4170022F2
S315020000B05C180022C41800220000000000000000A4
S315020000C00000000000000000000000000000000028
S315020000D00000000000000000000000000000000018
S315020000E00000000000000000000000000000000008
S309020000F00000000004
S315020000F80348044B834202D0034B03B118477047A7
S31502000108940000229400002200000000064B0749D2
S31502000118C91A891048BF0131491003D0044B0BB1E3
S3150200012801481847704700BF940000229400002235
S315020001380000000010B5064C237843B9FFF7D8FF34
S31502000148044B13B10448AFF300800123237010BD9A
S31502000158D0040022000000006000000208B5054B2A
S315020001681BB105490548AFF30080BDE80840FFF713
S31502000178CDBF00BF00000000D404002260000002C8
S315020001882DE9F04F054BDFF818A01A789AF80030D7
S315020001989DB09A4206D01DB0BDE8F08F090500222F
S315020001A808050022C04AC14B1288D3ED007A00EE38
S315020001B8102AB8EE400AB4EEE70AF1EE10FABC4A83
S315020001C812681268009240F1EB8283ED000AB94B7D
S315020001D8DFF888831B689A6818689369984798F8BD
S315020001E80030012B40F2F68200230122B24DB34EB3
S315020001F888F8003032702B70B14BB24C1B88B24F64
S3150200020800EE103ADFEDB15AB8EE400A94ED005A04
S31502000218D7ED007A20EE050A67EEA57A9FEDAC6A5D
S3150200022820EE270ADFEDAB6A20EE060AAA4B20EE7D
S31502000238260A93ED007AB4EEC70AF1EE407AF1EE99
S3150200024810FAA649A64A81ED000AC2ED007A00F123
S31502000258A482F4EEC77AF1EE10FAC6BFC3ED007AAD
S31502000268B0EE670AB0EE470ADFF8F492D9F8003022
S315020002789A6818685369984798F8001099480129A6
S3150200028814BF4FF0000C4FF0010C80F800C014BFE9
S3150200029801200020D9F80030934A10709A6818682D
S315020002A893699847914B1B8800EE103A904BB8EE2B
S315020002B8400AD3ED007AB4EEE70AF1EE10FA00F13D
S315020002C87A82B1EE400AF4EEC07AF1EE10FA00F143
S315020002D87282B0EE670A874BDFF888821B689A68D3
S315020002E818689369984798F80030012B05D90023B6
S315020002F8012288F8003032702B707F4BDFF868B223
S315020003081B88DFED725A00EE103A7C4BB8EE400AB3
S31502000318D3ED007A9BED005A67EEA57A20EE050A20
S315020003289FED6B6A20EE270ADFED6A6A20EE060A5F
S31502000338734B20EE260A93ED007AB4EEC70AF1EE65
S31502000348407AF1EE10FA6F496F4A81ED000AC2ED62
S31502000358007A40F1338283ED000ADFF81092D9F869
S3150200036800309A6818685369984798F80010D9F8BF
S315020003780030012914BF00220122327014BF012263
S3150200038800222A709A681868936998475F4BDFEDCE
S31502000398602AD3ED007A5F4BB7EE083AD3ED003AFE
S315020003A85D4B67EEA27A93ED004A5C4B67EE837A61
S315020003B8D3ED004A424B64EE844A1A88584B07EE3C
S315020003C8102A93ED005A574BB8EEC77AD3ED005A66
S315020003D8554B63EE873A93ED006A544B65EE875A9E
S315020003E8D3ED006A26EE076A25EE045A26EE877AC8
S315020003F84F4BDFF87CC119684E4BD7F800E01D68F1
S315020004084D4B4E4F1868DCF800304D4E18933B683A
S31502000418DFF86081199333681A934A4B98674A48FA
S31502000428C3ED023A83ED0F4AC3ED0C4A83ED0D5A2A
S31502000438C3ED125A83ED136A83ED047AC0ED007A8E
S31502000448C3F81CE05D67A3F89420816021683F48E1
S315020004581B919DED187F016883ED267FC3F8A810CE
S315020004683B493C48CB6BDFF810E11A80D6ED007A9F
S31502000478CB6BDCF80020D0F800905A60009B3A68F3
S3150200048803F12405CB6B02959A60CD6B2F48C5ED17
S31502000498037AD4ED007ACD6B2F4BC5ED047AD0EDF5
S315020004A8007ACD6B6AE000BFDE0B0022EC05002263
S315020004B8F4040022700B002200000022D605002256
S315020004C8D4050022C40500227C050022D7B3DD3FED
S315020004D8CDCC8C3F00007A44E8050022F4050022C0
S315020004E8F0050022D705002201000022DC0B0022BB
S315020004F870050022380900226C0500221405002224
S31502000508E4050022DC050022D80500228005002227
S31502000518F304B53F780500229C05002298050022BF
S3150200052894050022900500228C05002288050022E7
S3150200053884050022B4050022B0050022CC0500225B
S31502000548C8050022800A0022480B0022C0050022A4
S31502000558280A0022BC05002248080022E1050022DA
S3150200056804050022E00500225C050022000500229F
S31502000578D0050022AC050022B8050022974AC5ED2F
S31502000588057A0D6CC5F80090954DDEF80090D8F8FE
S315020005980080D5F800E0096C924DC1F80490CDF8B8
S315020005A85080CDF854E094ED007A8DED017A95ED00
S315020005B8007A8DED037A9DED017A8B498B4CD1ED4C
S315020005C8007A8B492488D1F800808A49D6F80090A7
S315020005D8D1F800E0DCF800C001683F688648874D1C
S315020005E8874E04832D6836688DED137ACDF85CE064
S315020005F8CDF840C01197CDF85880CDF848909DEDBA
S31502000608105F9DED141F80ED075F80ED011FC1622B
S31502000618009867EEA27A0484029C67EE837A84EDD8
S31502000628005F9DED037A80ED0E7A4163754C76493B
S31502000638764F08883168C4ED007A07EE100AA5607D
S31502000648734CB8EEC77AD4ED004A724C64EE874A08
S3150200065894ED004A704C714D94ED005A704C25EE9B
S31502000668045AD4ED005A6F4C65EE845A94ED006A2A
S315020006786D4C26EE076AD4ED006A6C4C66EE876A04
S31502000688D4ED007A67EE877A2D68694C694E24683C
S315020006985D67694D3668DC612C689E67674E83ED37
S315020006A80F4AA3F894000C943468C3ED024A83ED0A
S315020006B80C5AC3ED0D5A83ED126AC3ED136AC3EDE4
S315020006C8047A0D943C6801F1240E0E94DBF800407E
S315020006D80F949DED0C7F5A4C83ED267F2468C3F850
S315020006E8A840D36B1880574B2C681868D36B3568AB
S315020006F85C60D36B3E689D60D36BDBF80070DE608E
S31502000708D36B4F4C1F61D4F800C0D36B4E4CC3F861
S3150200071814C0136C4FF0010C18604C48126C036835
S315020007284B48536003684B48444E02684A4825685A
S315020007380068089309920A900B959DED087F474831
S315020007483D4D80ED007F314F4548464C2E4A80F894
S3150200075800C01288D4F800C02868434C3568384B64
S315020007683E68DBF800701B6822830490059506969E
S3150200077807979DED047FE3624B639AF8003084ED98
S31502000788077F83F0010381ED097F0A84C1F838C027
S315020007988AF800301DB0BDE8F08F83ED000A63E5E4
S315020007A8B1EE400AF4EEC07AF1EE10FA3FF50DAD5D
S315020007B8B0EE670A0BE583ED000A8CE5F4EEC77A1C
S315020007C8F1EE10FAC6BFC3ED007AB0EE670AB0EED4
S315020007D8470AC2E5254D264E0EE500BFF007002260
S315020007E8A80500227405002218050022D405002255
S315020007F8A4050022A0050022EC0900221C050022FD
S31502000808F0040022100900226C050022600500226D
S315020008181005002234050022300500224C0500226C
S315020008282C05002228050022240500222005002284
S3150200083814050022480500226805002264050022E4
S3150200084858050022540500223805002250050022C8
S3150200085844050022400500223C050022B807002272
S31502000868EC0400220C050022B40700220000002234
S31502000878D605002200232DE9F04F9749974E0F68B7
S31502000888974C37604E689749974A0E60656897494C
S3150200089816680D60964952680E609649964C0A602B
S315020008A8964A646813709649964A0C601370002833
S315020008B800F09180012840F08C80934B9349B3F85D
S315020008C89420D1ED005A07EE902A9FED917AF8EE20
S315020008D8E77A93ED026AC5EE876A86EE277A8D4D28
S315020008E8D3F89C602A808C4A2068D3F8A0C0166088
S315020008F88A4AD3F8A460C2F800C0894AD3F8A85035
S315020009081660884A806B1560874AD3F89870C2EDDC
S31502000918006A864A864C10608648874A80ED007AC5
S3150200092893ED1D7A2760DD69844C106CDFF89C9282
S315020009382560D0F804B0006889ED007A93ED1E7A36
S315020009487F4ADFF88C82DFF88CC288ED007A92ED56
S31502000958017ADFF884A2DFF884E2CCF800008EED93
S31502000968007ACAF800B0906893ED0F7AD3ED125A5E
S3150200097893ED136AD3ED046A93ED0C4AD3ED0D4A4F
S3150200098885EEA75AC6EE275A86EEA76AC4EE076A06
S31502000998C4EE877A6B4F13696B4ED1F808C038607C
S315020009A86A4DD7686A4A3760C2F800C02B60694C3C
S315020009B869486A496A4E6B4A6B4B86ED007A84ED42
S315020009C8005AC0ED005A81ED006AC2ED006AC3ED15
S315020009D8007ABDE8F08F654B6549B3F89420D1EDEE
S315020009E8005A07EE902A9FED4A7AF8EEE77A93EDD7
S315020009F8026AC5EE876A86EE277A28685D4DD3F8BD
S31502000A089C602A805C4AD3F8A0C016605B4AD3F879
S31502000A18A460C2F800C05A4AD3F8A8501660594AC8
S31502000A28806B1560584AD3F89870C2ED006A574A27
S31502000A38574C10605748584A80ED007A93ED1D7A54
S31502000A482760DD69554C106CDFF894912560D0F863
S31502000A5804B0006889ED007A93ED1E7A504ADFF8F1
S31502000A688481DFF884C188ED007A92ED017ADFF895
S31502000A787CA1DFF87CE1CCF800008EED007ACAF89A
S31502000A8800B0906893ED0F7AD3ED125A93ED136A7C
S31502000A98D3ED046A93ED0C4AD3ED0D4A414F13691F
S31502000AA8414ED1F808C03860404DD768404A85EEB5
S31502000AB8A75AC2F800C0C6EE275A376086EEA76A5A
S31502000AC82B60C4EE076AC4EE877A3A4C3A483B4929
S31502000AD83B4E3C4A3C4B70E75C0B00220405002265
S31502000AE86C0A0022FC04002224090022F4040022D3
S31502000AF800050022F8040022340800220805002214
S31502000B08F0040022090500224808002210090022E2
S31502000B18B6C307406C050022640500226005002260
S31502000B285C05002258050022180500220C05002241
S31502000B386805002210050022F0070022140500228B
S31502000B48B4070022400500223C050022380500228F
S31502000B581C05002228050022240500222005002261
S31502000B6834050022300500222C050022800A0022C4
S31502000B78480B0022D4050022CC050022C805002213
S31502000B88C4050022C0050022800500227405002241
S31502000B98D005002278050022280A00227C050022B8
S31502000BA8EC090022A8050022A4050022A0050022BD
S31502000BB884050022900500228C0500228805002261
S31502000BC89C05002298050022940500224C05002265
S31502000BD84805002254050022500500224405002239
S31502000BE8B4050022B0050022BC050022B805002281
S31502000BF8AC0500222DE9F84FDFF8ACB0FFF7C0FAD2
S31502000C089BF800300133DBB2042B8BF800304DD849
S31502000C18184C2378012B2BD1174B18491B689A6855
S31502000C281868D36A9847164B16491B689A68186853
S31502000C38D36A9847144B15491B689A681868936BC8
S31502000C489847134B13491B689A681868D36A9847DA
S31502000C58114B12491B689A681868D36A9847104B51
S31502000C6810491B689A681868936B98470023237083
S31502000C78BDE8F88FEC040022040500222C0B0022A2
S31502000C88FC0400226C0A0022F4040022200A002234
S31502000C9800050022F4080022F80400223408002283
S31502000CA8F0040022E8070022000700229B4B9C4A18
S31502000CB81B689C491B681268D3ED117A1D6909687D
S31502000CC89948126809685C6A056098485D69046013
S31502000CD897489C6A056097489D6904609648DC694E
S31502000CE8056096481D6A04609548D3F8F440056085
S31502000CF894489D6804609448DC6805609348DD6BF7
S31502000D08046093481C6C05609248DFF820A30460CF
S31502000D189148DFF81C93C0ED007AD3ED0C7ACAED40
S31502000D28007AD3F86CA0DFF80C83C9F800A0D3F8D0
S31502000D387090DFF804C3C8F80090D3F88080D3F81F
S31502000D488430864FCCF800308B69854E3B600B6F3A
S31502000D58844D33604B6F844C2B60CB798348237068
S31502000D680B7ADFF8D8E203704B798149CEF8008016
S31502000D780B70D2F804E07F4BD2F808C0C3F800E043
S31502000D887D4B1769C3F800C07C4B56691F60D56B4B
S31502000D987B497C4B0E601D60156C7B4B916D1D600B
S31502000DA87A4BD46D19607A4B506F1C60926F794BEF
S31502000DB879491A60794B0860DC6BDFED796A248819
S31502000DC867EEA67A07EE104AB8EE477A87EE876A82
S31502000DD87448754B80ED006A1B68744A1B68116873
S31502000DE8D3ED047A724ADFF858A2126809681268C3
S31502000DF8DFF85092CAED007AD3F824A0DFF84882C9
S31502000E08C9F800A0D3F81490DFF840E2C8F80090B9
S31502000E18D3F82880DFF838C2CEF80080D3F818E075
S31502000E28644FCCF800E0D3F81CC0634EC7F800C084
S31502000E381F6A624D3760D3ED0C7A614EC5ED007AB2
S31502000E48D3F8F4505F4835609D685F4E5F4C356055
S31502000E58DD685F4EDFF8FCA13560DD6B5D4E67EE3F
S31502000E68A67A35601D6C5C4E35605D6C5B4E3560EE
S31502000E78DD6E5B4E35601D6F5A4E3560D3F8805075
S31502000E88594ED3F884303560584D2B608B69584DCE
S31502000E982B600B6F574D2B60CB79574D2B700B7A06
S31502000EA8564D2B704B79564D2B704B6F5549D2F8D0
S31502000EB814E00B609368D2F83CC00360524B176C7F
S31502000EC8C3F800E0514B916DC3F800C0504BD66D84
S31502000ED81F60504BD2F8048019604F4BD2F810901D
S31502000EE81E60556F4D4B926F4D491A604D4B0D6002
S31502000EF8D96BCAF80090C4F800800988002207EE68
S31502000F08101AB8EE477AC7EE876A474B8BF8002065
S31502000F18C3ED006A06F04AFA7AE600BFFC0400222C
S31502000F28F404002204050022FC060022F806002228
S31502000F38F4060022F0060022EC060022E806002249
S31502000F48E4060022E0060022DC060022D806002279
S31502000F58D4060022D0060022CC060022B4060022BD
S31502000F68AC060022A8060022B2060022B10600221A
S31502000F78B0060022C8060022C4060022C0060022C5
S31502000F88BC06002294060022900600228C06002245
S31502000F98880600228006002284060022280A0022E9
S31502000FA8EBC918417C060022F8040022000500223B
S31502000FB8F00400226406002260060022340600229B
S31502000FC85C06002240060022580600224406002239
S31502000FD854060022500600224C0600224806002229
S31502000FE8200600221C0600221806002214060022E9
S31502000FF830060022280600222E0600222D0600228E
S315020010082C06002224060022380600221006002298
S315020010180C0600220806002204060022FC0500220D
S3150200102800060022F0070022F8050022B806002270
S31502001038A4060022A0060022980600229C06002288
S315020010487806002274060022700600226C06002228
S31502001058680600223C060022012A06D081420BD0ED
S3150200106800220E4B1A700020704781420CD00022D3
S315020010780B4B00201A707047084A13780133DBB20B
S315020010880A2B07D81370EEE7054A13780133DBB249
S315020010980A2BF7D90023012013707047750B00221B
S315020010A8740B00222DE9F041044608B32F4BDFF8F2
S315020010B8E4801D682E4E2F4F32783B789A420BD029
S315020010C8032B13D8012B33703CD0032B1FD01BB92B
S315020010D8AB682868DB689847AB6841461B6A28688C
S315020010E898473378032B09D0BDE8F0813A70F3E7C5
S315020010F8214BDFF88C801D68204EDCE798F800301B
S3150200110853B1022B04BF33703B70BDE8F081AB6864
S3150200111828681B699847DFE7012C18D001224FF48B
S3150200112816651749174E0B70144917480B7017495D
S3150200113832700A70164A058013702046BDE8F041DF
S31502001148FFF798BBAB6828689B689847C4E74FF4D3
S31502001158166107480F4D03700F482B7004700F4A2B
S315020011680F4D10482C7003701180E6E738090022EB
S31502001178E00B0022E40B0022700B0022E10B002296
S31502001188E80B0022770B0022DE0B0022DB0B002283
S31502001198E30B0022E70B0022760B0022DC0B00226F
S315020011A8DA0B0022E20B002210B52DED028B38BBBA
S315020011B8234A244B12881B6808EE102A224CB8EEE2
S315020011C8488A9FED227ADFED227A38EE478A9FED2A
S315020011D8210A28EE278AB4EEC08AF1EE10FA9A6836
S315020011E81868936928D9DFED1C7AB4EEE78AF1EE1E
S315020011F810FA0DDB984700232370BDEC028B10BD55
S31502001208164A174B12881B6808EE102A154CD6E7A1
S31502001218B1EE480A9847DFED147AB4EEE78AF1EEA2
S3150200122810FAE8D5DFED117AB4EEE78AF1EE10FA94
S31502001238CCBF01230023DFE79FED070ADAE700BFE9
S31502001248D40B0022700B0022DB0B002200E0FF44C5
S31502001258C5499C3F000016C500001645D20B002260
S3150200126838090022DA0B00220000C8430000C8C36E
S31502001278012838B504460D4622D002280AD080BB7A
S31502001288012979D10A4640484FF4106103F0B2FCAD
S315020012982A4608E001295BD10A463B484FF4106109
S315020012A803F0A8FC002240F20951374803F0A2FCD9
S315020012B82A46BDE8384040F20A51334803F09ABC40
S315020012C801294FF0000236D14FF410612E4803F07F
S315020012D891FC2A46BDE8384040F209512A4803F0F3
S315020012E889BC01294FF0000212D14FF41061264839
S315020012F803F080FC002240F20951234803F07AFCED
S31502001308BDE83840002240F20A511F4803F072BC79
S3150200131840F20E611C4803F06DFC002240F60F21D4
S31502001328194803F067FCBDE83840002240F604215C
S31502001338154803F05FBC40F20E61134803F05AFCED
S315020013482246BDE8384040F60F210F4803F052BC4A
S31502001358012240F20E610C4803F04CFC002240F6D2
S315020013680F21094803F046FCBDE83840012240F641
S315020013780421054803F03EBC012240F20E610248F0
S3150200138803F038FC0122EAE7EC0B0022F0B504462A
S3150200139883B0002834D0574B574E1D683146AB6888
S315020013A828681B6A98473378002B5ED0012B67D0D2
S315020013B8022B58D140F6011150480DF1070203F0ED
S315020013C8EFFB9DF80730002B4DD140F20D314B480B
S315020013D80DF1070203F0E4FB494E33789DF80770D6
S315020013E8012B7BD0002B3ED1012122463846FFF73E
S315020013F833FE884237D13070AB6828681B6923E010
S31502001408404B414E1D683146AB6828681B6A9847AF
S315020014183378012B4ED0022B1AD023BB4FF420610E
S3150200142836480DF1070203F0BBFB384E9DF807005C
S3150200143801212246FFF710FE884214D133788B42E7
S3150200144811D0AB6828689B6803B0BDE8F04018471E
S315020014584FF4206129480DF1070203F0A1FB9DF81C
S315020014680730002B31D003B0F0BD40F601112348F6
S315020014780DF1070203F094FB254E9DF80700D7E706
S3150200148840F601111D480DF1070203F089FB204EB3
S315020014989DF8070022460021FFF7DEFD012802D04B
S315020014A83378002BDFD0AB682868DB6803B0BDE869
S315020014B8F04018474FF4206110480DF1070203F077
S315020014C86FFB124E9DF80700E4E740F607210B482A
S315020014D80DF1070203F064FB0E4E7EE72246002159
S315020014E83846FFF7B9FD012801D033787AE731701B
S315020014F8B9E700BF38090022E70B0022EC0B0022ED
S31502001508760B0022700B0022E80B0022DB0B00226E
S31502001518DA0B0022770B00222DE9F04F4FF0290C47
S315020015284FF0190E082797B0BC4C04AE0FCC0FC665
S3150200153894E8070003C6BA4D0BAC32800FCD0FC430
S315020015480FCD0FC495E8070003C4B64901AB228044
S3150200155807C903C3B44E1A70B449B54AB54B04ACAD
S3150200156881F800E082F800C01F700FCC0FC694E81D
S31502001578070003C6B04D0BAC32700FCC0FC50FCCAB
S315020015880FC5AE4B94E8070003C501AE96E8030003
S3150200159883E80300012100242A704FF44072A84B05
S315020015A8A84D1F80A84B08462C801A8006F0ACF876
S315020015B8A64BA74DA749A8489A68036029601268EE
S315020015C8D3E9000190472B68DFF8BCA2D3E90112E0
S315020015D8186812689047A14BD3E9000103F04AFA4A
S315020015E89F4BD3E9000103F045FA9E4B1E682B6810
S315020015F830465B685B685B681B685B685B695B684F
S31502001608D3E90198DF6803F09DFC974B1D682846CD
S3150200161803F098FC304603F0A1FC284603F09EFC32
S31502001628D9F80430B7EE087A5968D9F8002007EED7
S31502001638901AF8EE677A67EE877AFCEEE77A93688D
S31502001648304699669368DFF84492C3ED197AD8F85A
S3150200165804305968D8F8003007EE901AF8EE677A1F
S3150200166867EE877AFCEEE77A9A68DFF82482916653
S315020016789B68C3ED197A7B685A683B6807EE902A1D
S31502001688F8EE677A67EE877AFCEEE77A774F99681B
S315020016983E468A669B68C3ED197A03F059FC2846CA
S315020016A803F056FC6C484546D0F800E0DFF8E4C182
S315020016B8DEF804B0BBE80F000FC6DBF80030DFF82F
S315020016C8D8B1336006460FCB8CE80F00C7F810C0B6
S315020016D8DEF80030C3F89C707668CAF800300FCE80
S315020016E80FC596E8070085E80700AC22D8F8181057
S315020016F8484606F075FFC8F81890D7F804905C4D6E
S31502001708D9F80460DFF894810FCE0FC531684422F8
S315020017184046296006F064FFD8F83CE0DFF880C14D
S31502001728BEE80F00ACE80F009EE803008CE8030051
S31502001738D8F840204F4E92E80300ACF11002C8E9EF
S315020017480F2686E803004A4ADFF858A1C2F8108035
S31502001758D9F8043057465B68474D5B68DFF848811D
S3150200176893E803000E468BE803000FCE0FC5A5F1DA
S315020017781002CBF804200FCE0FC50FCE0FC5336863
S315020017882B60D9F80430DFF824911B685D680FCD09
S315020017980FC70FCD0FC729686C223960374F3848F3
S315020017A83E4606F01DFF2A4B354AD3F800E0CAF832
S315020017B82020DEF804B04546BBE80F000FC6DBF86A
S315020017C80030DFF8ECC0336006460FCB8CE80F001A
S315020017D8C7F810C0DEF80030DFF8D8A0C3F89C704E
S315020017E87668CAF800300FCE0FC5DFF8CCB096E897
S315020017F8070085E807005D46D8F81810AC22484667
S3150200180806F0EEFEC8F81890D7F804801D4FD8F8EF
S315020018180460DFF8A8900FCE0FC551E0788F00025A
S31502001828948F0002C08F0002B00B0022CB0B00225D
S31502001838CA0B0022C90B0022800B0022780B002259
S31502001848D00B0022CE0B0022CC0B0022F49200020F
S315020018583809002274970002700B0022C89200020F
S315020018684897000230950002B09900025C0B0022EC
S315020018786C0A00223C090022EC09002224090022F3
S315020018885C090022F0070022580B0022800A002277
S315020018982C0B0022480B0022200A0022280A0022CA
S315020018A844090022C8090022F40800224808002236
S315020018B8100900222009002234080022900700227B
S315020018C8316844223846296006F08AFE3D4DFE6B91
S315020018D8CE460FCE0FC596E8030085E803003A6C9C
S315020018E8DFF830A192E80300374ACBF8107082E895
S315020018F80300A5F11001C7E90F12D8F80430DFF882
S3150200190818C15B684FF416665B6893E803000D46D8
S315020019188AE803000FCDACE80F00ACF11002CAF852
S3150200192804200FCDACE80F000FCDACE80F002B68F2
S31502001938CCF80030D8F804301B685D680FCDAEE8E5
S315020019480F000FCDAEE80F00296801256C221F484B
S31502001958CEF8001006F044FE1D4B1C4A1C701D4BA7
S3150200196820461E801C4BC9F820201C701B4B1D707C
S315020019781B4B1D701B4B1C70FEF77CFF1A4B1B4A38
S315020019881E801B4B14701C701A4B1B4A1D701B4B76
S31502001998284615701C70FEF76DFF194B19481D7005
S315020019A8194903680C709968184A18680B69147003
S315020019B89847174B1B689A681868136917B0BDE8E9
S315020019C8F04F18470C0700220407002224070022BA
S315020019D8E80B0022DE0B0022E10B0022DB0B0022C1
S315020019E8770B0022E30B0022DC0B0022E70B002216
S315020019F8E00B0022760B0022DA0B0022E20B002211
S31502001A0801070022700B0022E50B0022E60B0022DA
S31502001A1838090022E8070022B407002238B51E4911
S31502001A281E4B0A781B789A422ED00B70BBB91C4DF6
S31502001A381C4C1D4928781D4B227808701A70002004
S31502001A48FFF730FB0120FFF72DFB28780021FFF76F
S31502001A580FFC20780121BDE83840FFF709BC012BAD
S31502001A6800D038BD0020FFF791FC0120FFF78EFC5D
S31502001A780B4B00211878FFF7FBFB0A4B012118785C
S31502001A88BDE83840FFF7F4BB012AEBD0002AE8D1BB
S31502001A98034D044CD3E700BFE50B0022E60B0022F8
S31502001AA8E80B0022E70B0022E10B0022E00B0022E2
S31502001AB888B108B5084B186802F098FF074B012150
S31502001AC81B689A68186853699847054A138843F049
S31502001AD80103138008BD7047C8920002700B0022EA
S31502001AE8D80B002288B108B5084B186802F07EFFA9
S31502001AF8074B01211B689A68186853699847054A73
S31502001B08138843F00103138008BD70474897000203
S31502001B1838090022D60B0022184B1B78012B00D05D
S31502001B2870470379032B0CD0042B08D0022BF7D16C
S31502001B38134B1B78012BF3D10020FFF735BBFFF7B8
S31502001B4859B800B50F4B83B01B78022B06D00E4B43
S31502001B580E491B689A681868136B98470C4B0F2135
S31502001B68DA68186893690DF106029847094BBDF8B9
S31502001B7806201A8003B05DF804FB00BF01070022A5
S31502001B88E50B0022E80B0022700B0022D80B00227C
S31502001B98E48F0002D40B0022164B1B78012B00D0CF
S31502001BA870470379022B1ED0032B1BD100B5124BAB
S31502001BB883B01B78022B06D0104B11491B689A6812
S31502001BC81868136B98470F4B1121DA6818689369DE
S31502001BD80DF1060298470C4BBDF806201A8003B091
S31502001BE85DF804FB7047094B18780128D8D1FFF72E
S31502001BF8DBBA00BF01070022E70B002238090022E0
S31502001C08D60B0022E48F0002D20B0022E50B00223B
S31502001C184FF47A7141F2883008B504F08FFFFFF766
S31502001C287BFCFFF7FBFEFCE7022800D07047024B5D
S31502001C380248596803F022B9CC8F0002EC0B002245
S31502001C4808B5FFF7E5FF002008BD00BF03460122DD
S31502001C5800201A71704700BF0346D3ED057A67EE76
S31502001C68807A0020C3ED077A704700BFB5EEC00A36
S31502001C78F1EE10FA0ADDD0ED617AF5EEC07AF1EEF0
S31502001C8810FA0BD480ED610A00207047FAD5D0ED20
S31502001C98617AF5EEC07AF1EE10FAF3DD002380EDF3
S31502001CA8610A80F881310020704700BF0346086840
S31502001CB8C3F87C010020704700B58E4600F1800CFF
S31502001CC8BEE80F00ACE80F00BEE80F00ACE80F0054
S31502001CD89EE80F008CE80F0000205DF804FB00BFA9
S31502001CE803460022D3F80CC01046C1F800C0D3F848
S31502001CF810C0C1F804C0D3F818C0C1F808C0D3F898
S31502001D0838C00A74C1F80CC01B7AA3F10103B3FAEE
S31502001D1883F35B090B7470472DE9F0472DED028BAF
S31502001D284FF000084FF000038D698166838080F8C2
S31502001D38A08080F8078080F80880A0F88031B5F87E
S31502001D4894309FED658A07EE903AF8EE677A044674
S31502001D58002667EE887AC0F88461C6608661C0F894
S31502001D688C60066280F82580C4ED057ADFED5B8A11
S31502001D78D5ED077A67EEA87AC4ED1F7A05F19409BC
S31502001D8805F1740A04F16C02484695ED010A0F46FC
S31502001D98514606F0D1F9C4F8CC60C4F8D060C4F84C
S31502001DA8D460C4F8C460C4F8C860D5ED217ADFED02
S31502001DB84C6A95ED016A67EEA67AB0EE007A67EE8E
S31502001DC8867A37EE675A37EE876AC4ED337AC7EEF4
S31502001DD8865AC5EE067AC4ED355AC4ED347AC4F885
S31502001DE8B860C4F8BC60C4F8C060C4F8B060C4F88F
S31502001DF8B460D5ED057A95ED016A67EEA67A67EEC7
S31502001E08867A77EE876A37EE677A87EEA66AC4ED30
S31502001E182E7AC7EE267A84ED306AC4ED2F7A95EDCE
S31502001E28070AF7EE000A494620EE280A04F1480096
S31502001E3806F020F904F5B07684F8448095ED080A90
S31502001E48304606F033FBD5ED122A95ED013A95EDAB
S31502001E580F2AD5ED1F1A95ED201AD5ED2A0A95ED0A
S31502001E68290A304662EE882AB5F8941006F028FB4D
S31502001E7895F82B30012B14D0BB684BB1D3E901126C
S31502001E88186812689047BB689A6818685368984732
S31502001E980020144B84F824002360BDEC028BBDE8B5
S31502001EA8F08795F82C305BB904F1D806304606F06F
S31502001EB86FF995ED010A5146304606F091F9DBE7CE
S31502001EC895ED2A1AD5ED010A95ED090A04F59A70D7
S31502001ED805F062FFD0E700BF5077D63DD7B3DD3FA6
S31502001EE8DB0FC9405053544DF8B52DED028B8C6962
S31502001EF88166B4F894309FED4E8A07EE903AF8EE72
S31502001F08677A054667EE887AC5ED057ADFED498A6E
S31502001F18D4ED077A67EEA87AC5ED1F7A04F194061E
S31502001F2804F1740705F16C023046394694ED010A4C
S31502001F3806F002F9D4ED217ADFED3F6A94ED016AE3
S31502001F4867EEA67AB0EE007A67EE867A37EE675AB9
S31502001F5837EE876AC5ED337AC7EE865AC5EE067A34
S31502001F68C5ED355AC5ED347AD4ED057A94ED016A94
S31502001F7867EEA67A67EE867A77EE876A37EE677A2B
S31502001F8887EEA66AC5ED2E7AC7EE267A85ED306A01
S31502001F98C5ED2F7A94ED070A3146F7EE000A20EED0
S31502001FA8280A05F1480006F065F8002305F5B0761B
S31502001FB885F8443094ED080A304606F077FAD4EDEF
S31502001FC8122A94ED013A94ED0F2AD4ED1F1A94EDD4
S31502001FD8201AD4ED2A0A94ED290A304662EE882A96
S31502001FE8B4F8941006F06CFA94F82B30012B03D04F
S31502001FF8BDEC028B0020F8BD94F82C30D4ED010A12
S3150200200853B905F1D800B0EE600A394606F0E8F889
S31502002018BDEC028B0020F8BD05F59A7094ED2A1ADC
S3150200202894ED090A05F0B8FEBDEC028B0020F8BD56
S315020020385077D63DD7B3DD3FDB0FC94038B500230D
S31502002048856E0446AA69037180F8243092F82B300B
S31502002058012B08D0AB681BB19A681868136B9847AE
S315020020680020206038BD92F82C301BB9D83006F013
S31502002078ABF8EFE700F59A7005F0C4FEEAE700BF91
S3150200208838B50022044600234FF00001856E483019
S31502002098AD69C4F88431E360A361C4F88C30236265
S315020020A8C4F8C430C4F8C830C4F8B030C4F8B43080
S315020020B8E366A367A18084F8A020E2712272A4F8DD
S315020020C8801184F8442005F0E1FE04F5B07006F0AC
S315020020D8F3F995F82B30012B03D0002084F824005D
S315020020E838BD95F82C303BB904F1D80006F06CF8E7
S315020020F8002084F8240038BD04F59A7005F082FEA3
S31502002108002084F8240038BD90F88021836E012AC5
S3150200211890ED077A9B690AD1D0ED617AF5EEC07A1D
S31502002128B0EEC77AF1EE10FA48BFB1EE477A90EDF3
S31502002138060AD3ED027A37EE407ADFED0A6A67EECF
S31502002148A67AF0EEC76AC7FEE67AF0EEE77A17EEE7
S31502002158103AB1EE677A002B67FE877A30EE270AC5
S31502002168704700BF5077D63D90F880318B4205D034
S31502002178002380F8813119B180F880110020704758
S31502002188026A036982618367F6E700BF08B590F8B9
S315020021988021836E012A9B6902D093ED0F0A08BD3E
S315020021A8B3F8942093ED296A07EE902AF8EE677A37
S315020021B867EE867ADFED0F6AB0EEE76AB4EEE66A94
S315020021C8F1EE10FA90ED617AC4BFDFED0B6A27EEE5
S315020021D8267AD3ED070AC8BF87EE270ADFED077A04
S315020021E8D8BF9FED070A60EEA70A06F0C3F9B0EE5C
S315020021F8C00A08BDBD3786356F12833AD7B3DD3FAD
S315020022080000000070B52DED048B002382B0CDE9E5
S315020022180033836E04469D6995F89030DBB3022B32
S315020022280AD0002307EE903A0020C4ED037A236110
S3150200223802B0BDEC048B70BD90F8A020012AF0D143
S3150200224890F82420002A40F0488180F8243095F836
S315020022582930012B4DD194F84430012B49D104F190
S31502002268480594ED220A284605F04EFF94ED230A06
S31502002278B5EEC00AF1EE10FA00F3CB8200F1C9827C
S31502002288DDED007AF5EEC07AF1EE10FA019BCBDDB0
S31502002298DFEDD07AC8E790ED270AC43006F07CF95C
S315020022A804F1B00084ED0B0A94ED230A06F074F9E2
S315020022B8237A84ED080A012B10D195ED137ADFED06
S315020022C8C76AF0EEC07A27EE267AB4EEE77AF1EE1E
S315020022D810FAC4BF84ED060A84F8253094F8A030B3
S315020022E8012B21D0002384F8253095F82930012BBB
S315020022F803D0DDED007A019B96E794F84430012B72
S31502002308F7D104F1480594ED220A284605F0FCFEA9
S315020023186A4694ED080A284604F1800105F0C0FDD4
S31502002328DDED007A019B7FE7A26E63799169EBB1D5
S31502002338022B00F05F819FEDA70AD1ED040ADFEDBB
S31502002348A77A60EEA70A06F015F984ED060A94F84C
S315020023582520A36E012A9E6900F00C81217A0329A1
S3150200236800F24383DFE801F00A7847A6E37903F02F
S31502002378FD03012BDFD102236371DCE796F82830CF
S31502002388B0EEC08A012B00F04B82D6ED127A9FED91
S31502002398937A67EE877AB4EEE78AF1EE10FA0BDBE8
S315020023A896F82A30012B00F08B820123237296F8C5
S315020023B82830012B00F077829FED868AA36E94F867
S315020023C825209E69012A8DED018A00F0E28096F8A1
S315020023D82910E279012900F01181012A00F03381DE
S315020023E8022A00F04A81002A00F0DB809FED790A72
S315020023F88DED000A76E794ED272AD4ED0D1A94EDB1
S31502002408031AD4ED260A94ED250A05F0CDFFDFED71
S31502002418777AD6ED070A60EEA70A06F0ABF8D4ED8E
S31502002428087AF5EEC07AF1EE10FAB0EE408AC0F2FA
S31502002438688196ED157A9FED6A6AD4ED276A27EECA
S31502002448067AF4EEC76AF1EE10FA40F26A81A36ED2
S3150200245894F825209E69B5E794F88031012B00F09F
S315020024686D81D4ED237A94ED1D7A70EE677AD4EDF8
S315020024781E6A27EE877A94ED1C6AD4ED1F0AC4ED0C
S315020024881B7A37EE260A27EE868A06F073F884ED5B
S315020024981E0ADFED567AD6ED070A38EE000A60EE16
S315020024A8A70A06F067F8A36EB0EE408A9E6994F80A
S315020024B8252087E794ED048AD4ED0A7A38EE678AEE
S315020024C868EE277AF5EEC07AF1EE10FA9EBF002181
S315020024D821729FED408A9E6974E74279002A00F0CC
S315020024E80A81022A00F004819FED3A0ADFED3B7A5F
S315020024F8D5ED040A60EEA70A06F03CF884ED060A52
S31502002508A36EF0EE407A9E6996F82B30012B00F006
S31502002518DD8094ED230A77EEC07A94ED1D7A94ED68
S315020025281E0A27EE877AD4ED1C6AD4ED1F0AC4ED7B
S315020025381B7A37EE000A27EEA68A06F01BF884ED08
S315020025481E0A38EE000AD6ED070A06F013F8A36E3D
S315020025588DED010A9B6993F82920012A00F09A80D9
S31502002568E379002B00F0AF80012B00F0C680002330
S3150200257800936CE603212172D6ED0E7A9FED167A48
S3150200258894ED048A67EE877A67EE887AC4ED0A7A4A
S3150200259894E70022E27196F82910012901D184F8FC
S315020025A8442094F880219B69012A00F04881D3EDE2
S315020025B80F7A94ED030A96ED0C7A30EE070AB4EE1A
S315020025C8E70AF1EE10FAFFF613AF0123B0EE670A37
S315020025D8E3710DE7000000000000803B5077D63D0E
S315020025E835FA8E3CBD3786356F12833AD7B3DD3F4F
S315020025F8000000002046FFF787FD9EE6002184F8CA
S315020026084410042A3FF6F2AE01A151F822F000BFA7
S31502002618AB2500024F260002832600022D26000261
S315020026282D26000296F82930012B7FF4DFAE84F8B6
S31502002638443004F1480005F079FD012800F09D8137
S315020026480323E371D2E694F88031012B00F0F3807C
S3150200265894ED030A94ED067AD6ED127A5FED216AB5
S31502002668B0EEC77A67EEA67AB4EEE77AF1EE10FA1A
S31502002678FFF6BEAE0223E371BAE694ED030AD6ED7F
S315020026880D7A30EE670AB5EEC00AF1EE10FA3FF699
S31502002698AFAED5E70021E27984F84410012A2CD09E
S315020026A811D9033A012A3FF662AF93F82930012B72
S315020026B87FF45DAF84F8443004F1480005F036FD36
S315020026C8012800F05D810323E37150E796F82C3068
S315020026D894ED040AD4ED230A002B40F0838006F118
S315020026E8940104F1D80005F0E5FDD4ED067A12E767
S315020026F8FFF70AFDFAE64371F6E60322E368E2719A
S3150200270836E77FF5A4AE96ED157A1FED4B6AD4ED42
S31502002718276A27EE467AF4EEC76AF1EE10FAFFF652
S3150200272896AE00200121C4ED067A84ED1E8AA36EB8
S315020027382063217294F825209E6943E6B6F8943000
S3150200274896ED296A07EE903AF8EE677A67EE867A88
S315020027585FED5C6AB0EEE76AB4EEE66AF1EE10FA8D
S3150200276894ED617AC8BF5FED606AD6ED070AC8BF05
S3150200277827EE267A1FED639ACCBF87EE270A1FED4E
S31502002788640A60EE890A05F0F5FE5FED6A7AB0EE34
S31502002798C07AB4EEE77AF1EE10FAB0EE408A78D44F
S315020027A8B5EEC00A94ED077AFFEE007AF7EE008AD4
S315020027B8F1EE10FAB0EEC77A94F8813168FEA78A6C
S315020027C867EE287A002B00F08F80012B00F09C80A0
S315020027D8002184ED620AA36E84F8811194F82520FB
S315020027E89E69EFE5B6F89430D6ED297A08EE103AE6
S315020027F8B8EE488A68EE277AC0EE880A27EE800A7B
S3150200280804F59A7005F004FBD4ED067A28EE000A60
S3150200281881E66A46284604F1800105F041FB2FE568
S31502002828F0EE400A04F5B07094ED250A05F0FCFDB9
S3150200283884ED0E0AA9E52046FFF7A8FC0AE7B3F8D5
S31502002848942093ED296A07EE902AF8EE677A67EEE6
S31502002858867A5FED9C6AB0EEE76AB4EEE66AF1EE56
S3150200286810FA94ED617AC4BF5FEDA16A27EE267A63
S31502002878D3ED070AC8BF87EE270A5FEDA47AD8BF49
S315020028881FEDA50A60EEA70A05F074FEF0EEC07AFF
S315020028988FE60021A36E84F881111FEDAB8A94F8A6
S315020028A825209E698EE504F5B07005F005FE002226
S315020028B8A36EA26308EE102A9E6994F8252081E584
S315020028C802232046237296ED148AFFF75FFC94EDE5
S315020028D80B1AF0EE400A06F19400B0EE480A05F02B
S315020028E87BFD84ED0D0A62E5D4ED086A68EEA68AD8
S315020028F8B4EEE87AF1EE10FA45D984ED628AA36E4F
S3150200290894F825209E695DE594ED236AD4ED1D6A47
S3150200291894ED1E0AC4ED067A77EEC67A94ED1C7A11
S31502002928C4ED1B7A07EEA60AD4ED1F0A67EE879A4C
S3150200293805F020FE84ED1E0AD6ED070A39EE800A56
S3150200294860EE890A05F016FE28EE887A68EE808A15
S31502002958F4EEC78AF1EE10FAF0EE407A04DB0023B1
S31502002968F0EE487A84F88131C4ED627AA36EB0EE4D
S31502002978678A94F825209E6924E50423E37135E5E0
S315020029880423E371F3E594ED1D6AD4ED236A94ED0D
S315020029981C7AC4ED067A37EE067A77EEE67A07EE01
S315020029A8670AD4ED1F0A84ED1E0A05F0E3FDD4ED8D
S315020029B8067A94ED236A012377EEC67AD4ED1D6A68
S315020029C894ED1C7A84ED1E0AD4ED1F0AC4ED1B7A17
S315020029D807EEA60A84F8813127EE878A05F0CAFD32
S315020029E884ED1E0A38EE008A87E700220192EEE499
S315020029F830B5046883B0D4E900531A694AB1012391
S31502002A088DF8043063686846D3E904320092984721
S31502002A186368196819B1A36820681B6A98472B79F5
S31502002A28012B03D1A36820685B6A984763685968D3
S31502002A3821B1A36820689B6A984763681B6943B1FA
S31502002A4802238DF8043063686846D3E9043200929B
S31502002A58984703B030BD00BF38B5C0F89C104B6824
S31502002A6804460D4623B1D3E9011218681268904745
S31502002A782B6823B1D3E9011218681268904780EFD0
S31502002A8850600020002384ED037F84ED0F7F064A01
S31502002A986081C4E9002023626362A36284F82C0081
S31502002AA884F84C0038BD00BF4C53544D10B5D0F8CD
S31502002AB89C3004461A682AB1936810685B6898477E
S31502002AC8D4F89C305B681BB19A68186853689847B3
S31502002AD880EF50600020002384ED037F84ED0F7F92
S31502002AE823626362A36284F82C0084F84C00206097
S31502002AF810BD00BFD0F89C30186818B1836800680A
S31502002B081B691847704700BF03469B7900200B7064
S31502002B18704700BF002310B5D0F89C208EB00593ED
S31502002B2850680C4628B1836869461B6A006898474C
S31502002B38059B23600EB010BD002310B5D0F89C206B
S31502002B488EB0049350680C4628B1836869461B6A9E
S31502002B5800689847049B23600EB010BD0620704794
S31502002B680620704710B5D0F89C200446106828B194
S31502002B7882680068D3689847D4F89C2053681BB1CA
S31502002B889A681868D3689847C0B210BD10B5D0F8CD
S31502002B989C200446106828B18268006893689847A2
S31502002BA8D4F89C2053681BB19A68186893689847AA
S31502002BB8C0B210BD0020704710B5D0F89C301A6814
S31502002BC832B10446936810689B689847D4F89C30DB
S31502002BD85B681BB19A68186893689847002010BD0D
S31502002BE8FFF7EABF002238B583790446022B4281F1
S31502002BF814D80D4801EB41020C4D10441A4455F8FD
S31502002C082250C35C20462172E371A84718B1638932
S31502002C1843F004036381E379A37138BD0221044DAD
S31502002C280B4682714181EDE7F0A10002C0A10002C4
S31502002C38E92B000283880BB90020704710B50321DF
S31502002C480446FFF7CFFF80EF50600022002384ED91
S31502002C58037F84ED0F7F22626262A26284F82C30BF
S31502002C6884F84C30A380002010BD00BF00232DE954
S31502002C78F04196B00493D0F89C3005465B680C4642
S31502002C88D3E90120D3F800801768036A08A94046E9
S31502002C989847002F71D0BB6838681B6901A9984705
S31502002CA898F858300646012B39D0D5F89C309DED58
S31502002CB8047A1A69DDED0C7AD2ED006AF5EEC06A7D
S31502002CC8F1EE10FA5BD54FF48073D2ED015A92ED0C
S31502002CD8036AF4EEC75AF1EE10FAB4EEC76AD2EDF9
S31502002CE8026AF0EEE77AAA8843EA02034CBF012297
S31502002CF80022F1EE10FAF4EEE76A43EA4203CCBF89
S31502002D0801220022F1EE10FA43EAC2139BB228D43A
S31502002D18AB8023804BBB304616B0BDE8F081DDEDB3
S31502002D28017AD5F89C30B0EEE75A1A69DDED035AF6
S31502002D38D2ED006AF4EEC56AF1EE10FA37EEA56A2C
S31502002D489DED047ADDED0C7ABDD4B0EEC66AB4EE1A
S31502002D58E66AF1EE10FA4FF48073B6DCB0EEE56A75
S31502002D680FE043F00403AB80238028460221FFF7D5
S31502002D7839FF304616B0BDE8F081064695E79FED65
S31502002D88056AF4EEC66AF1EE10FA4CBF0123002377
S31502002D981B029AE70000000006207047002210B5C1
S31502002DA883790446022B428114D801210C4A0D4824
S31502002DB81A440333D27850F8233020462172E2713E
S31502002DC8984718B1638943F004036381E3790020C5
S31502002DD8A37110BD02218271034B0A464181ECE7B9
S31502002DE8F0A10002C0A10002E92B0002002310B5DF
S31502002DF882790446022A438111D80C490C48895C17
S31502002E0850F8222020462372E171904718B163894F
S31502002E1843F004036381E3790020A37110BD022005
S31502002E28A37101460346034A6081EBE7F0A100025B
S31502002E38C0A10002E92B000210B5044600228088D0
S31502002E48A3790143022BA180628114D80D4A0E4848
S31502002E581A440633917950F8233002222046E1714A
S31502002E682272984718B1638943F004036381E379B0
S31502002E780020A37110BD0220044B0146A271608195
S31502002E88EBE700BFF0A10002C0A10002E92B000295
S31502002E9803790268022B126819D000B5032B83B096
S31502002EA807D0012B10D1D2F89C20936863B1032175
S31502002EB804E0D2F89C20936833B10421D2686846AC
S31502002EC800928DF80410984703B05DF804FB92ED62
S31502002ED80F7F1146A1ED147F92F84C00D2F89C3070
S31502002EE882F860005B681BB19A6818681269104715
S31502002EF8704700BF30B503790268012B146883B0A6
S31502002F080DD0022B09D1D4F89C108A682AB1C96857
S31502002F1868468DF804300091904703B030BDD4F866
S31502002F289C305A682AB3936804F164051B6A2946D9
S31502002F3810689847D4F89C3095ED007F84ED037F9E
S31502002F48D4F88820D4F88000D4F8841094F88C50E9
S31502002F58206284F82C506162A2629A68002ADCD048
S31502002F680121DB68684600938DF80410904703B088
S31502002F7830BD04F16405DFE70346D1F800C000203E
S31502002F88C3F888C04968C3F88C101168C3F8801062
S31502002F985268C3F8842070470346002083ED240A4A
S31502002FA8C3ED250A704700BF03460020197670470D
S31502002FB80346D3F804C00020C1F800C09B6813601A
S31502002FC8704700BF062070470620704738B504468A
S31502002FD84D68C0F8981000F11C0295ED050A2946BD
S31502002FE805F1180004F06AFE284695ED050A04F173
S31502002FF8740104F0B5FE002038BD00BF2DE9F0418A
S31502003008164E0368B34226D004464D6800F11C08E2
S3150200301805F11807C0F898103946404604F03AFEFA
S31502003028424695ED050A2946384604F1740704F026
S3150200303845FE95ED050A3946284604F091FE3846BE
S3150200304804F0A6FE00224FF4807326606261238391
S315020030580020BDE8F0810E20BDE8F0815345544DAD
S3150200306810B504461C3004F00DFE04F1740004F099
S315020030788FFE00202076206010BD00BF10B50446E2
S315020030881C3004F0FFFD04F1740004F081FE4FF4D5
S315020030988072002322836361002010BD2DE9F84364
S315020030A8044600F11C081F46D0F89830D0ED231AC2
S315020030B890ED221AD0ED210A90ED200A4046D3F867
S315020030C804900D46164604F031FDD4ED230A404617
S315020030D894ED030A04F0BEFDD4ED220A84ED010A3A
S315020030E8404694ED030A04F0C1FDD4ED017A84ED5D
S315020030F8020A87EE800A05F0A3FAB4EE400AF1EE58
S3150200310810FA87ED000A68BF9FED260A237E84ED32
S31502003118040A012B35D00123637699F80030D4EDE1
S31502003128247A012B04BF94ED257A77EEC77AC4ED8B
S31502003138037AC6ED007A99ED056AD4ED056A67EE5B
S31502003148867A9FED197A77EEA67AF4EEC77AF1EEC9
S3150200315810FA08DB77EEC77AC4ED057AC5ED007A70
S315020031680020BDE8F883F5EEC07AF1EE10FA48BF02
S3150200317877EE877AC4ED057AC5ED007A0020BDE8B8
S31502003188F883637E012B04D10023D4F8902063765A
S31502003198E26704F10C0104F1740004F0CDFDD4EDEC
S315020031A8037AC6E700000000DB0FC9400620704715
S315020031B806207047062070470620704703460020FF
S315020031C883ED080AC3ED090A83ED0A1A704700BFA0
S315020031D8426F0346D0ED027A107C126A01283CD06F
S315020031E893ED0C7A77EEC77AC1ED007A93ED0D7AF4
S315020031F8D3ED037A77EEC77AC1ED017AD3ED047A75
S3150200320893ED0E7A77EEC77AC1ED027A58699FED89
S31502003218166AC860D3ED197AD3ED1A5AD3ED186A2D
S3150200322877EEE57A76EEA66A92F8222093ED167A7A
S31502003238012A77EEE67A08BFDFED0C6A27EE067AF0
S3150200324808BF67EEA67A67EE277AC1ED047A9A690D
S3150200325800204A61DB698B617047C1ED007AD86844
S315020032684860D3ED047ACFE73FC61C3F0AD7933F9F
S31502003278034600210022084683F82C10D985DA6312
S315020032881A645A64704700BF30B4EFF310840123FE
S3150200329883F31088134B1A681AB9134D2A754022FC
S315020032A82A751A6801321A6084F31088020A0F4CCA
S315020032B8120152FA80F044F82010EFF3108201212D
S315020032C881F31088196811B11968013919601B68E8
S315020032D81BB9802004490B75087582F3108830BC27
S315020032E8704700BF2C170022000D404000084040DE
S315020032F8F8B50446436F02215A691D6A5368D3E931
S3150200330802765B68186802F085FA0221386802F0CC
S3150200331881FA0221306802F07DFAD4E91313104AC1
S3150200332811401340C4E91313A88CFFF7ADFF216DB2
S31502003338E88CFFF7A9FFE16C288DFFF7A5FF216D41
S31502003348688DFFF7A1FFE16CA88DFFF79DFF216D40
S31502003358E88DFFF799FF012384F85430F8BD00BFC2
S31502003368FFFFFE0F436FD1ED006A1B6A91ED017AEA
S3150200337893F82230D1ED027A012B57D0D0ED175AA5
S3150200338890ED1B6A66EEA56A76EE866AC2ED006A5B
S31502003398D0ED175A90ED1B6A27EE257A37EE067A94
S315020033A882ED017AD0ED175A90ED1B6A67EEA57A7F
S315020033B877EE867AC2ED027A90ED196AF4EEC66A5B
S315020033C8F1EE10FAD0ED1A5A10DDB4EEC67AF1EE25
S315020033D810FA82ED006A15DDF4EEC67AF1EE10FAFD
S315020033E882ED016A1ADD82ED026A7047F4EEE56A39
S315020033F8F1EE10FAB4EEC67A48BFC2ED005AF1EE03
S3150200340810FAE9DCB4EEE57AF1EE10FAF4EEC67AD1
S3150200341848BFC2ED015AF1EE10FAE4DCF4EEE57AA1
S31502003428F1EE10FA48BFC2ED025A7047F4EEC76AC7
S31502003438F1EE10FACCBFF0EE665AF0EE475AF4EE09
S31502003448E57ACCBFB0EE476AB0EE666AF1EE10FADC
S3150200345813DCF4EEC67AF1EE10FA54BF75EE865A0C
S3150200346877EEA55AB6EE006A25EE866A76EEC66A43
S3150200347837EE467A77EEC67A80E737EE866AF6EE52
S31502003488005A26EE256AF1E72DE9F04F0446436F06
S3150200349895B01E6A5F6996F83C207B68B0F804A06E
S315020034A803EB82035D68B0F80690AB680BA95B6A0A
S315020034B828689847B7EE005AD4ED057A85EE277A3A
S315020034C8636A226A0693A36AC4ED167A84ED177AAA
S315020034D8059205A9204608AA0793DDF83480FFF766
S315020034E841FFDDED0A6ADDED087A9DED097A06EE01
S315020034F810AA75EE677AB8EEC66A35EE477A35EEE1
S31502003508665A06EE909A27EE067AFAEEEF6A67EEA2
S31502003518867A37EE267A4FF4817325EE065A77EEC7
S31502003528A67ABCEEC77A35EE265AFCEEE77AA4F8F6
S31502003538483017EE103ABCEEC55A99B217EE903AD1
S315020035481FFA83FC15EE103A8C459BB20CDB9C45A0
S3150200355880F2908062464FF001099C464FF0000EB9
S315020035684FF0020A13460CE04FF0000999426246F0
S3150200357884F849906FDB8C464FF0010A11464FF0EA
S31502003588020E8B4284F848E06CDCF14694F849E076
S31502003598746BCA1AA242084607DAE018804508F18F
S315020035A8FF32D8BF1046C0EB4101ACEB000B5C45BD
S315020035B8624607DD2218904508F1FF38D8BF424611
S315020035C8C2EB4C0CB66B0129B8BF0121BCF1010F45
S315020035D8A4EB0604B8BF4FF0010CB9F1010FA0EB3A
S315020035E80406A2EB04045ED0B9F1020F57D04FF0DD
S315020035F80008C146BEF1010F4CD0BEF1020F44D0FD
S31502003608BEF1000F14BF19460346C646CB46BAF1A9
S31502003618010F37D0BAF1020F31D061461346CDE910
S315020036280281CDE900399DED007FCDE912BE8DED0F
S315020036380E7FBB680EA91B69386898473246002177
S31502003648286802F0F3F822460321286802F0EEF809
S3150200365815B0BDE8F08F9C464FF0010E0B464FF0B1
S31502003668020A11460A4684F849E0194684F848903F
S3150200367813468DE74FF001094FF0000A7FE7E64649
S315020036889046CCE7E3469146C9E78E468046CB4646
S315020036981946BCE78B468146C6461946B7E7984699
S315020036A800239946A6E7994600239846A2E700BF53
S315020036B8F0B50468894B22688DB09A4201D00DB0E4
S315020036C8F0BD0379002BFAD1676F01933E6AADF814
S315020036D80830B36E1D68002D00F0D580EB68F979C5
S315020036E89B69286801AA9847EB68397A9B69286812
S315020036F80DF106029847EB68797A9B69286802AA4F
S3150200370898470121286803AA02F072FFBDF804301F
S31502003718BDF8101006EE103ABDF80630BDF81400D2
S3150200372805EE903ABDF80830C1F30B0106EE903A61
S31502003738C0F30B00B8EE466AF8EE655AF8EE666A0A
S315020037480B460546676F96ED044AD6ED054AD4ED53
S315020037580E7A96ED075AC4ED076AC4EE246AFCEEA1
S31502003768E77A94ED0C7A66EE866A17EE902ABCEE34
S31502003778C77A66EE856A92B2AA1A07EE902A17EEF9
S31502003788102AC4ED056AC4ED065A92B29B1AF8EEDF
S31502003798E77A07EE103A96ED035AD6ED055A96EDF4
S315020037A80C6AC5EE256AB8EEC77A77EEC67A27EEB0
S315020037B8267A67EEE67A77EE276A94F848C0F1EE3B
S315020037C8666ABCF1010F68D0BCF1020F6ED0BCF17B
S315020037D8000F44D194F84930012B16EE903AF0EED8
S315020037E8476A6DD007EE103A94F82C30012B3DD07B
S315020037F807EE900AB8EE677A07EE901AF8EE677A3D
S3150200380884ED047AC4ED027ABB69A3B101228DF86C
S315020038180C20FA6903A804929847626F936933B138
S3150200382802218DF80C10D26903A80492984794F8DD
S315020038382C30012B23D00023204623626362A36225
S31502003848FFF722FE626F9369002B3FF438AF03211C
S315020038588DF80C10D26903A8049298472FE79FEDBA
S31502003868207AF0EE477AF0EE476ABDE7C4ED037AAE
S3150200387884ED047AC4ED026ABB69002BC6D12046E0
S31502003888FFF702FEDEE7DFED166A2B46F0EE665A12
S31502003898B0EE666A2846294655E794F84930022B5F
S315020038A813D017EE903AF0EE477A9BE7B0EE666AC7
S315020038B894F84930002B46FEA76A47FE867A93E7B4
S315020038C8B0EE677A07EE903A8EE716EE903AF0EE89
S315020038D8676AF0EE477A07EE103A85E75244544D86
S315020038E800000000F7EE007A06EE900A07EE101ABC
S315020038F8F8EEE66A37EEC00ABAEEEF7A77EEE00A33
S3150200390820EE260A77EEC17A60EEA60A30EE070A9C
S3150200391867EEA67A70EE870ABCEEC00A77EE877A59
S3150200392810EE103AFCEEE00A99B2FCEEE77A10EED7
S31502003938903A00B592F810C050699AB217EE903ACA
S3150200394887B09BB2BCF1010FCDE9001208BFCDE9E1
S315020039580312029308BF059320B18368694600687B
S315020039681B69984707B05DF804FB00BF2DE9F843C9
S31502003978436F04461E6A0D46B28C002A4FD194F84C
S315020039882C30D3B9626F117C01291AD1328CE08DA1
S31502003998D4ED0F6A904294ED117A7BD307EE902A02
S315020039A8F8EEE77A86EEA76AC7EE276A84ED0C6A0E
S315020039B8C4ED0E6A84F82C1001232B700020BDE892
S315020039C8F88394ED1B1AE188F0EE410AB0EE410A3B
S315020039D8A088FFF787FF338CE28D9A426CD2D4ED2A
S315020039E80F6A94ED107AD4ED117A94ED025AD4ED59
S315020039F8035A94ED046A76EE856A37EE257A77EEEF
S31502003A08867AC4ED0F6A84ED107AC4ED117A94F8B9
S31502003A182C300132E2852B700020BDE8F88390F83D
S31502003A285420012AABD15B69C16C5B6841F48031D1
S31502003A38D3E90187D3F80C90036DC16443F480334C
S31502003A480365B08CFFF720FC216DF08CFFF71CFC98
S31502003A58E16C308DFFF718FC216D708DFFF714FCB1
S31502003A68E16CB08DFFF710FC216DF08DFFF70CFCB1
S31502003A780221D8F8000001F0C1FE0221386801F0DF
S31502003A88BDFE0221D9F8000001F0B8FE002384F831
S31502003A98543074E794ED026AD4ED047A76EE266A17
S31502003AA877EE877AC4ED0F6AC4ED117A0130E085A4
S31502003AB82B700020BDE8F88307EE903AD4ED0F6A22
S31502003AC8F8EEE77A94ED107AD4ED115A86EEA76AE3
S31502003AD80123C7EE276A85EEA77A84ED0C6AC4ED40
S31502003AE80D6A84ED0E7A84F82C3065E7894B0268F4
S31502003AF89A4200F0FF804FF47A7C2DE9F0410F6A72
S31502003B0841673A8897ED016A0CFB02F207EE902AA2
S31502003B18B8EEE77AF6EE006AC7EE067A67EEA67A96
S31502003B28FCEEE77A044617EE902A002380EF50400F
S31502003B380E460021A2803A8900F108084FF0010ECC
S31502003B483030E28088ED005F23626362A36284F804
S31502003B582C10E18580ED005F04F1580584F8701099
S31502003B6884F854E02364636407F1480CBCE80F0048
S31502003B780FC59CE8070085E80700D7ED157AF5EE2C
S31502003B88C07AF1EE10FA82B007DDB7EE007AF4EEEB
S31502003B98C77AF1EE10FA40F2AF80D7ED167AF5EE53
S31502003BA8C07AF1EE10FA0BDDD4ED196AB6EE007A98
S31502003BB8C4ED1A7A77EEA67A67EE877AC4ED1B7A8F
S31502003BC87369002B2DD097F83C205B6803EB8203C0
S31502003BD85D68514A6B68D9694B78002B4F4B0CBF0D
S31502003BE810461846E064C978012908BF13462365BA
S31502003BF873699A68D3E9000112689047337C012BEE
S31502003C0866D1AB6828682246DD6A454904F19803FD
S31502003C18A847BB8C002B69D173699A6818685368E0
S31502003C289847326A936E9F68C4F8A4703B7953B179
S31502003C389A1C013347F822403B710020354B23601A
S31502003C4802B0BDE8F081936E1D68002DF5D0EFF342
S31502003C581088012383F31088D5E90001EB681B68F5
S31502003C68984788F31088D5E9021328685B6898474D
S31502003C78337C012B08D0EB68D4F8A4209E6A294924
S31502003C88286804F17803B0476A68EB6851691B6AC9
S31502003C982868984701238DF80430EB6828685B6921
S31502003CA801A998479DF80430002BF6D1EB682868DD
S31502003CB89B689847D4F8A4301B4A1A603B79D4F813
S31502003CC8A420023342F823403B7901333B71B4E71F
S31502003CD894ED1B1A626FF0EE410AB0EE410AE188D2
S31502003CE8A088FFF7FFFDBB8C002B95D02046FFF777
S31502003CF8FFFA91E70E20704794ED1A7AC4ED197A05
S31502003D0877EE877A67EEA67AC4ED1B7AD7ED167A2E
S31502003D1845E700BF5244544D040000030500000362
S31502003D28B9360002CD4000024153544D4FF47A721F
S31502003D3830B50D6A41672B8895ED016A02FB03F3DC
S31502003D4807EE903AB8EEE77AF6EE006AC7EE067A1A
S31502003D5867EEA67AFCEEE77A17EE903A83802B890D
S31502003D6800F1580CC38005F1480E0446BEE80F0060
S31502003D78ACE80F009EE807008CE80700D5ED157A37
S31502003D88F5EEC07AF1EE10FA06DDB7EE007AF4EE39
S31502003D98C77AF1EE10FA14D9D5ED167AF5EEC07A8D
S31502003DA8F1EE10FA0BDDD4ED196AB6EE007AC4ED1F
S31502003DB81A7A77EEA67A67EE877AC4ED1B7A00201E
S31502003DC830BD94ED1A7AC4ED197A77EE877A67EEE2
S31502003DD8A67AC4ED1B7AD5ED167ADFE738B504461E
S31502003DE890ED1B1A426FC188156A8088F0EE410A67
S31502003DF884ED081A84ED091A84ED0A1AB0EE410A0E
S31502003E08FFF770FDAB8CABB980EF50600023002042
S31502003E18012284ED027F84ED0C7F23626362A36232
S31502003E2884F82C00E0852364636484F8700084F8BF
S31502003E38542038BD2046FFF75BFAE5E72DE9F04145
S31502003E48466F0446336A9B8C002B3FD1B44680EFFB
S31502003E58506000230025012084ED027F84ED0C7F4B
S31502003E6823626362A36284F82C50E5852364636443
S31502003E7884F8705084F85400D4F8A470DCF8202032
S31502003E88EFF3108880F310883B7983420ED0013B0A
S31502003E98DDB23D7188F3108873691BB19A68186898
S31502003EA89369984700202060BDE8F081936E1B68ED
S31502003EB8DA681868D36A9847D4F8A4309D60D4F8AB
S31502003EC8A430DD60D4F8A4301D60E2E7FFF710FAEB
S31502003ED8D4F874C0BBE700BF2DE9F0414FF00008E3
S31502003EE888B0CDE905884568CDF81C806F6F3C6AB5
S31502003EF8A36E1E68002E00F0B680F36839799B69B6
S31502003F08306805AA98473B7C032B7ED0ADF816800D
S31502003F18F368B9799B6906AA30689847F368F9790C
S31502003F289B690DF11A0230689847F368397A9B69DA
S31502003F3807AA30689847F368797A9B6930680DF161
S31502003F481E029847BDF8143006EE903ABDF81630B0
S31502003F58F8EE666A07EE103ABDF81830B8EE477AF8
S31502003F6807EE903ABDF81A30F8EE677A06EE103A7E
S31502003F78B8EE466AD4ED065A94ED034AD4ED054ADC
S31502003F8876EEE56A84EE245A66EEC56AC5ED026ADD
S31502003F9837EE657A94ED035A77EEE57AD4ED055A4B
S31502003FA8C5EE256A27EE667A85ED037AD4ED035ABD
S31502003FB8D4ED056A85EEA67A67EEC77AC5ED047A68
S31502003FC8D4ED045AD4ED056AC5EEA67A94ED077ABD
S31502003FD867EE867A67EE877AC5ED057ABDF81C1014
S31502003FE8364B07EE901AF8EE677AC5ED067ABDF8F3
S31502003FF81E102A6807EE901AF8EE677A9A42C5EDFD
S31502004008077A0AD008B0BDE8F081F36879799B6926
S3150200401830680DF1160298477AE76A6F936983B199
S315020040280121D269684601928DF8001098476A6F95
S31502004038936933B10221D269684601928DF800105C
S31502004048984795F82C30012B16D06A6F9369002B86
S31502004058D8D00321D269684601928DF80010984794
S3150200406808B0BDE8F0819FED166AF0EE467AB0EE2A
S31502004078467AF0EE466A7DE7D5ED057AF7EE006AEE
S3150200408886EEA77A2E6A6C6AAB6A284605AA02A940
S31502004098C5ED167A85ED177A029603940493FFF70F
S315020040A861F99DED071ADDED060A9DED050A6A6FAF
S315020040B8E988A888FFF716FCC7E700BF5244544DA3
S315020040C800000000F0B54568144A296889B0914293
S315020040D801D009B0F0BD82780446012AF9D82E1D0E
S315020040E80C3556F8047F37B17A6F238B126AD28F52
S315020040F81341DB0702D4AE42F3D1EAE7A646EC4601
S31502004108BEE80F00ACE80F009EE80F008CE80F002F
S3150200411868460197FFF7E0FEEDE700BF4153544DAD
S315020041280346012200201A71704700BF00B58E4669
S3150200413800F5807CBEE80F00ACE80F00DEF8003020
S315020041480020CCF800305DF804FB00BF03460020CF
S3150200415883ED040AC3ED050A704700BF0346002033
S3150200416883ED0C0AC3ED0D0A704700BF0346D1F86A
S3150200417800C00020C3F818C0D1F804C0C3F81CC098
S31502004188896819621168D96252689A64704700BFD1
S3150200419810B50C46426E416A1269D0F81431216094
S315020041A8816A9FED2C6A6160816C84B0A160D0ED52
S315020041B80C6AC4ED036AD16B098807EE101AB8EEC9
S315020041C8C77AC6EE877A67EE867AC4ED047A416BB9
S315020041D86161816BA161C16CE161016D2162416D11
S315020041E8616290F8581084F8281023B11278012ACF
S315020041F804D0032A16D0002004B010BD9A6801A97B
S315020042081868536B984700209DF804109DF80520FE
S315020042189DF8063084F8291084F82A2084F82B3071
S3150200422804B010BD9A6801A91868536B9847002014
S31502004238029A039B9DF80410226363639DF8052086
S315020042489DF8073084F8291084F82A2084F82C303F
S3150200425804B010BDEBC9184138B504460A680D69A1
S31502004268C0F81821354B226848689A42C4F81401E6
S3150200427862D080EF506000204FF0000E84ED027F7E
S3150200428884ED097F84F804E084F858E06166606387
S31502004298E06320646064A066E0676067C4F888002B
S315020042A8A96BDFED275AA167C4F88C1095ED0D0AA4
S315020042B8D5E90F0120EE250A04F17C0304F1680210
S315020042C803F0A6FA6B6804F19000C4F89030AB6864
S315020042D8C4F89430EB68C4F898302B69C4F89C305B
S315020042E86B69C4F8A030AB69C4F8A430EB69C4F8AA
S315020042F8A8302B6AC4F8AC306B6AC4F8B030AB6A23
S31502004308C4F8B43095F82C3084F8FC3003F0AEFAD1
S31502004318D4F8183123B1D3E9011218681268904704
S31502004328D4F8143123B1D3E90112186812689047F8
S31502004338024B0020236038BD0E2038BD5443544D2D
S315020043486F12833A10B5044608696166816BDFED20
S315020043580B7AA167C4F88C1090ED0D0AD0E90F010B
S3150200436820EE270A04F17C0304F1680203F050FAEE
S3150200437804F1900003F07AFA002010BD6F12833A16
S3150200438870B52DED048BD0ED0D8AD0ED087A90ED3F
S31502004398078AB0EE680A90ED069A044638EE678AEE
S315020043A80E46154604F01CFBB0EE406AB0EE680AEB
S315020043B8F0EE468A04F020FA9FED117ADFED117AC3
S315020043C828EE876A60EE076A26EE277A67EEE67AAD
S315020043D827EE097A68EE266A67EE897A28EE068A51
S315020043E837EE267A77EE887A84ED097AC4ED0A7A68
S315020043F886ED007AA36A00202B60BDEC048B70BDA3
S31502004408F304353FD7B3DD3F10B52DED048B0C46CB
S3150200441890ED009AD0ED018AF0EE409A04F0E0FAA7
S31502004428B0EE408AB0EE690A04F0E6F9DFED1A6AE0
S3150200443828EE267A60EE266AF1EE477A30EE476A69
S3150200444878EE265A37EEC00A36EEC88A66EE097A3A
S3150200445829EE077A68EEA66A25EEA86A20EE090A08
S3150200446828EE288A9FED0D5A30EE080ADFED0C4A2F
S3150200447837EE667A77EE867A27EE247A67EE857ABB
S3150200448820EE050A84ED007AC4ED017A84ED020A6B
S31502004498BDEC048B10BD00BF3ACD133FF304353F84
S315020044A8F304B53F002210B5D0F81831044602715C
S315020044B81BB19A681868936898470023002280EF10
S315020044C850606363E36323646364A366E3676367B5
S315020044D8C4F8883084ED027F84ED097F04F19000E8
S315020044E8227184F8582003F0F3F9D4F814311BB179
S315020044F89A68186893689847002010BD10B500237B
S315020045080446002280EF506002716363E36323640A
S315020045186364A366E3676367C4F8883084ED027F41
S3150200452884ED097F903084F8582003F09FF9D4F877
S3150200453818311BB19A68186853689847D4F8143129
S315020045481BB19A681868536898470020206010BD06
S3150200455870B52DED028BD0ED095AD0ED047A90EDA7
S315020045681C6A77EEE57AD0ED1D6A27EE866A36EE84
S31502004578266A90ED1E7AF0EEC66AB4EEE67A002353
S3150200458890ED1B5AF1EE10FA86B00593CDE9033386
S31502004598436E04461E690D46C0ED1A7A67EE857AA1
S315020045A808D5B0EEC77A16EE103AB1EE476A002B76
S315020045B827FE066A94ED0A5A94ED057AD4ED216A25
S315020045C837EE457A94ED224A67EE266A76EE846AD3
S315020045D877EE867AD4ED234A84ED1D6AB0EEE66A52
S315020045E8F4EEC64AD4ED203AF1EE10FA84ED1F7ABB
S315020045F8C4ED027A27EE237A08D5F0EEE44A16EEDF
S31502004608903AF1EE646A002B64FEA66A37EE267AC1
S31502004618C4ED226A84ED037AF36B94ED0C8AD3ED2A
S31502004628036A25EE265A28EE055A77EEC57AC4EDB0
S31502004638027A93ED026AD3ED046A65EE865A94ED20
S31502004648120A75EEA65AB4EEE70A28EE258AF1EEA4
S3150200465810FA38EE078A84ED038A32D584ED020A07
S315020046689FED468A84ED038A85ED030AE3682B618A
S3150200467896F82D30012B32D094ED0D8A04F13C06C2
S315020046883146B0EE480A04F10800FFF7BDFEB0EE67
S31502004698480A03A904F11000FFF7B6FE04F19000D8
S315020046A894ED0B0A314603AA03F018F90020E36BCE
S315020046B82B60236C6B60636CAB6006B0BDEC028B3F
S315020046C870BDB1EE407AB4EEE77AF1EE10FA2CDD5F
S315020046D884ED027AB0EE470A9FED288AC2E796ED84
S315020046E80D8ADFED275A94ED0C6A28EE258AD6ED57
S315020046F80C6A28EE068A94ED0D7A28EE268ADFEDF4
S31502004708217A38EE078AB4EEE78AF1EE10FA09DA68
S31502004718B5EEC08AF1EE10FA48BF38EE278A84ED64
S315020047280D8AABE738EE678AF9E720EE000A27EE2C
S31502004738A77A30EE470AB5EE400AF1EE10FA14D41B
S31502004748B1EEC07AF0EEC86AF4EEC76AF1EE10FA74
S3150200475808DDB0EEC77A18EE103AB1EE478A002B9A
S3150200476827FE088AB0EE670A7CE7CDED017A03F0E8
S3150200477845FFDDED017AB0EE407AE3E7000000007E
S315020047886F12833ADB0FC9402DE9F0472DED048BF2
S31502004798456803782C68022B626ED4F8186117698B
S315020047A896B019D0032B06D0012B04D016B0BDEC57
S315020047B8048BBDE8F0876A689268002AF6D08DF8FD
S315020047C808306B6801A8D3E902320192984716B0FD
S315020047D8BDEC048BBDE8F087002EE7D0B3683068DD
S315020047E81B690FA99847DDED0F8A9DED119A149B57
S315020047F8139AE365159BA26423667B78DDF84880E5
S31502004808022B08BF38EE898A23790CBFB1EE488A93
S315020048189DED108A012BC9D1B36830685B6904F132
S315020048285801984794F85830012BBFD16B689B689A
S3150200483843B102238DF808306B6801A8DA689B68D1
S31502004848019298478DED099AA76CAB68CDF80C8052
S31502004858DB6903AA07A90497CDED078A8DED088AB5
S3150200486820469847AB6820465B6A04F1280204F1A1
S31502004878240198472F68D7F81481B8F1000F57D04A
S315020048887B6E1B691B78032B52D8DFE803F0549022
S315020048983A02FB6D0DF128090A933B6E49460B93C2
S315020048A8D8F80830D8F80000DB6A9847D8F80830F4
S315020048B8D8F800009B699847D8F80830D8F800005D
S315020048C807F13002D3F81C8007F1340107F13803E7
S315020048D8C047AB68D4ED410A94ED400A20465B69AD
S315020048E89847AB68494620469B6A9847B3689DED48
S315020048F80C1ADDED0B0A9DED0A0ADB68306898474B
S3150200490854E7D8F80830D8F800001B69D7ED430AEF
S3150200491897ED420A9847D8F80830D8F8000007F108
S315020049283002D3F81C8007F1340107F15403C0475B
S315020049380DF12809CDE7B9687B6ABA6A0A91059327
S31502004948FB6806920B93D8F8083097F810115B6942
S31502004958D8F800009847D8F80830D7ED430A97EDFB
S31502004968420A1B69D8F800009847D8F808300DF1B2
S3150200497828094A4605A9DB68D8F800009847D8F8F6
S31502004988083007F13002D3F81CA007F1340107F109
S315020049985403D8F80000D047D8F80830D8F80000F1
S315020049A81B6B07F1500207F14C01984791E7D8F8BB
S315020049B80830D8F800009B699847D8F80830D8F824
S315020049C8000007F13002D3F81C8007F1340107F121
S315020049D83803C0470DF128097BE700BF03469A68EA
S315020049E80020136843F00803136070470246926872
S315020049F8024B116800200B4013607047F0FFFEFC63
S31502004A0802469268024B1268002013400B607047F8
S31502004A180F00010384460020CCE90432CCF80C10BE
S31502004A28704700BF4268034692F91820002A1ADB2B
S31502004A38012010B451090D4C02F01F02203100FA70
S31502004A4802F244F82120BFF34F8FBFF36F8F002085
S31502004A585968074A91F9181042F82100002018608F
S31502004A685DF8044B704700201860704700E100E0CB
S31502004A7830170022F8B52D4B4A690C4613441B021F
S31502004A88054641608360EFF31087012686F3108896
S31502004A98274A6369D168C3F10E0306FA03F321EACA
S31502004AA80303D360D3689620314602F047F887F3AA
S31502004AB810880021637920795B0743EA007320682E
S31502004AC8AA6843EA00131360A3681A4AEB60E3680C
S31502004AD82A60C5E9041394F918308B4224DB627EF6
S31502004AE803F160401201D2B200F5614080F800235A
S31502004AF81148124A40F8235003F5C65052F820408E
S31502004B0861F3104442F8204052F82020BFF35F8F29
S31502004B185A09920003F01F0302F160429E4002F511
S31502004B286142C2F8806116600020F8BD202140006B
S31502004B3800302040545047003017002200600040E1
S31502004B4830B583B0EFF30383104A103B5CB252F8D8
S31502004B5824502869B8B1036801936B690360EB684E
S31502004B6898472B6913B12B69019A1A60084A04F50A
S31502004B78C65352F8231021F4803142F8231052F812
S31502004B88233003B030BD01A8E7E700BF3017002283
S31502004B98006000400022034610461A60704700BFB4
S31502004BA810B40B0A064C1B0153FA81F154F8213052
S31502004BB80020C3F340035DF8044B1370704700BF2F
S31502004BC800084040090A490101F1804101F58001C6
S31502004BD84B68002013807047090A490123EA020C30
S31502004BE801F180411A4001F5800142EA0C42002097
S31502004BF88A607047002001238242CAB203FA02F38E
S31502004C089AB24FEA034308BF1A460B0A5B0103F13D
S31502004C18804303F580039A60704700BF10B4090AFF
S31502004C28490101F1804101F580010C6802EA030C91
S31502004C384CEA040C62EA030202EA0C020A60002049
S31502004C485DF8044B704700BF090A490101F180412A
S31502004C5801F580014B680020C3F30F4313807047A8
S31502004C68012310B44FEA112C4FEA4C1C0CF1804C6C
S31502004C780CF5800CDCF80440C9B28B4099B203EA01
S31502004C8814435B1AB3FA83F35B0900205DF8044BFD
S31502004C9813707047090A490123EA020C01F180419F
S31502004CA81A4001F5800142EA0C420020CA607047A8
S31502004CB8012010B40B0A5B0103F1804303F580035C
S31502004CC8C9B2DC6800FA01F1012A4FEA01400DBFB8
S31502004CD884438C4304430C43DC6000205DF8044B98
S31502004CE8704700BF2DE9F84F0388DBB14FF0000A81
S31502004CF880464FF00109DFF8D4B00024314D4FEA5F
S31502004D08CA07D8F8043035F8022BD919898891428E
S31502004D180AD00134032CF4D1B8F800300AF1010A9A
S31502004D285345EAD8BDE8F88FDB5909FA04F603F0C9
S31502004D38B853B3F1807F244BF6B293F84C2C12D0B9
S31502004D48324230D104F120021BF81230DB09E0D0DE
S31502004D581BF81230012123F08003C8200BF8123009
S31502004D6801F0ECFED5E7324210D004F120021BF81E
S31502004D781230DB09CDD11BF81230012143F0800332
S31502004D88C8200BF8123001F0D9FEC2E7012001F063
S31502004D9881FF0D4B012093F84C2C324383F84C2C9F
S31502004DA801F048FFE1E7012001F074FF064B0120FC
S31502004DB893F84C2C22EA060283F84C2C01F03AFFAF
S31502004DC8C0E700BFA0A2000200E001400020204088
S31502004DD8F8B50646FFF786FFEFF31082012383F341
S31502004DE81088234F3B681BB9402022490B7508756A
S31502004DF83B6801333B6082F31088338800211BB37A
S31502004E081D4D08E01B01134445F823403288013141
S31502004E188BB29A4218D9736853F8314003EBC10230
S31502004E289288E0034FEA1223D2B2EBD502EB0310C3
S31502004E3855F820E024F4803C2EF4803E45F820E024
S31502004E481B0145F820C0DEE7EFF31082012383F346
S31502004E5810883B6813B13B68013B3B603B681BB952
S31502004E68802004490B75087582F31088F8BD00BFC7
S31502004E782C170022000D40400008404008B5034B9D
S31502004E8803600846FFF7A4FF002008BD54524F509E
S31502004E9808B50846FFF79CFF002008BD70B5012635
S31502004EA886B001AB03A80C4615460493ADF80C6010
S31502004EB8ADF808100192FFF715FFEFF3108186F39C
S31502004EC810881D4B1A681AB91C48027540220275C9
S31502004ED81A6801321A6081F31088E9034FEA14222C
S31502004EE8E4B219D4110116480A1940F82250EFF310
S31502004EF81082012181F31088196811B119680139E4
S31502004F0819601B681BB980200C490B75087582F35A
S31502004F181088002006B070BD0948110104EB021280
S31502004F2850F8226026F4803640F8226025F480364E
S31502004F3840F82260D7E700BF2C170022000D404038
S31502004F480008404003465A681B6900209360704770
S31502004F5803465A681B6900205360704703465A681D
S31502004F681B690020D3607047034610B4043900F168
S31502004F780C0C53F8044F51F8042F62651C68A2659D
S31502004F88027D022A0BD08269526852681278062A72
S31502004F9805D06345EDD100205DF8044B70471C68C7
S31502004FA8CA68E2651C682266F3E700BF2DE9F0418C
S31502004FB806460D4607460C4601F10C0854F8043F0E
S31502004FC8D3E9000100F0E4F923681B689B6847F8F7
S31502004FD8043F2A78022A03D11A6C42F420221A6460
S31502004FE84445EBD16A69044B32612A78B561327558
S31502004FF833600020BDE8F08133545047806990F849
S3150200500810C000EB8C004068006800F08BB800BF47
S3150200501838B5002305461C4642680169036091605B
S31502005028AB6903EB84035B680134186800F07CFB08
S31502005038032CF5D1002038BD03460020D3E902230C
S315020050489360704703460020D3E9022353607047F2
S3150200505803460020D3E90223D3607047034670B49F
S315020050685A689E68D26900209168D46841F0004562
S31502005078516875619D6844F00044AC619C6841F0D2
S3150200508800412161146999684C629B6852699A6267
S3150200509870BC704703464FF00041002210B49C686A
S315020050A8104621619C6861619C68A16199684A629F
S315020050B89B689A625DF8044B704700BFD0E90123EA
S315020050C81278042A61F100029A6643681B782BB9A2
S315020050D88368490801395965836899658368D96A75
S315020050E8C90707D44FF4AA015A6683681964D0E936
S315020050F80232DA600020704703469B681232013991
S3150200510803EB820300205960704700BF03469A6882
S315020051180020D26AC2F300020A719B689B6C0B607C
S31502005128704700BF84460020CCE90632CCF814103A
S31502005138704700BF10B490F800C0886EBCF1030F28
S315020051481ED80130AAB9019C496BE40754BF01F085
S315020051581F01C1F3044101F00C01A1F10401B1FAE6
S3150200516881F14909E2B921BB02225DF8044B5A6072
S3150200517870479042E7D9013A5DF8044B1A607047C6
S315020051880AB19042F8D8019C496BE40754BF01F072
S315020051981F01C1F30441090981F00101002AE2D085
S315020051A8824201D30029DFD103225DF8044B5A60FB
S315020051B870470028D8D0F7E72DE9F04F4FF0FF3AAD
S315020051C84FF0000B866885B0009202AB0746884608
S315020051D81446406802F003090A463146CDE902AB95
S315020051E8FFF7A8FF039B356B93B914F0080F14BF9A
S315020051F804220222A107029820D502F1120106EB27
S3150200520881014860B968133201EB82014860BE68C1
S3150200521862061BD5326CB9F1010F42F48002326480
S3150200522827D025F44035BE6845EA0345B9F1000F93
S3150200523816D10020356305B0BDE8F08F4A44123214
S3150200524806EB820250606206BE68E3D4B9F1010F2A
S3150200525823D025F44035022C45EA0345E6D173B935
S3150200526825F0407545EA03650020356305B0BDE8BB
S31502005278F08F25F04075BE6845EA0365F4E7012418
S31502005288786802AB424631460094FFF753FF039B08
S3150200529825F0407545EA0365E6E7022CE0D1DEE72C
S315020052A8002800DA704710B400F1604C124C09016C
S315020052B8124BC9B20CF5614C8CF8001300F5C651B5
S315020052C844F8202053F8212022F4803243F8212082
S315020052D853F82130BFF35F8F012243099B0000F088
S315020052E81F0003F1604303F561438240C3F880213E
S315020052F81A605DF8044B70473017002200600040C0
S3150200530830B5D0E90142526E24781F4D032C52EA79
S3150200531882928A6082681D4BD06A2C6AAA8C04F033
S315020053280F0502F00F0C45EA0C0E1EF0080F1B685B
S31502005338C0F3C35013D092B212F0080F18D101224B
S3150200534814F0080F02FA0CF21BD0032504F0070426
S3150200535805FA04F402FB03F3B3FBF4F302E003FADF
S315020053680CF3EB400122C3404B6000200A7030BDAB
S315020053784FF0030C02F0070214F0080F0CFA02F2BF
S31502005388E3D10124AC40E5E700E001405C170022C6
S315020053984FF0010C2DE9F0430B7C00260CFA03F3BF
S315020053A8C360C3F30D03B3FA83F35B094160037465
S315020053B80B7C804A804F1A44120282604B690D4662
S315020053C843618B690446C0E9066385B0CE69C7F8AE
S315020053D810CFEFF310878CF31088097C774B0A1FDE
S315020053E8052A83BF4FF00042CA40D2436FF00062DB
S315020053F81B691340714A136113690121962001F052
S315020054089DFB87F31088E3681F070DD0EFF3108121
S31502005418012383F310886A4AE06853889BB223EA19
S315020054280003538081F310884FF425410023A268B4
S315020054381160A268D362A268D363A26893642A78C9
S315020054482B7A6968032A4FEAC35301F1FF3000F049
S315020054584E8184BF084643EA0243A268D3624FF0EC
S3150200546800430022A1680B61A1684B61A1688B61A8
S31502005478A3685A62A3689A62A368B169D961A368E4
S31502005488F1691962A36800219866A36858664FF005
S31502005498FF302B78CDE90201D6F83880002B40F090
S315020054A8128101234FF0030C6A68A7685208013A71
S315020054B802927A65A1688A652978032903D9A168BF
S315020054C8CA65A1680A66B26BBAB932788AB12F7808
S315020054D87278022F4FEA82104FEA021100F00F810A
S315020054E840F21681032248EA020202430A4342F4C0
S315020054F88078B278002A40F0CC806268D26992F845
S315020055083010C80705D5916AA0680139C16492F8B6
S315020055183010890703D5D26AA168013A0A650121C2
S315020055282A7C01FA02F2C2F30D02002A4AD00020AE
S31502005538A2685064776BD4F808E0002F00F0B880B0
S31502005548287CBA7897F8039001FA00F01206C0F39D
S315020055580D0042EA097200283ED0B868002800F019
S31502005568C980CEF888104FF0010EA168B868C1F854
S315020055788C00297C0EFA01F1C1F30D01B9B1A168BB
S31502005588F868C1F89000787E397E000240EA8110F8
S31502005598B97E40EA0130A1684864A168386997F87B
S315020055A804E00867A168786942EA0E42C867D4F837
S315020055B808E011E02032400000303240003020403E
S315020055C800403240776BD4F808E0002F70D0FA78A2
S315020055D8B978120742EA0162CEF83820B26B7AB974
S315020055E83A7FF97E520642EA412248EA020896F8CA
S315020055F8212096F82010520742EA413248EA020868
S3150200560896F83020002A14BF4FF4A0014FF4AA01DD
S31502005618A26811642A78012A04D10021A268D164F9
S31502005628A2681165A268C2F83480A16896F83C009F
S31502005638CA6A42EA001296F83D0042EA4012CA6273
S31502005648A268C2F830C0A2681363D4E90232DA60EB
S31502005658697C224695F91200FFF722FE224696F841
S31502005668221096F92400FFF71BFE224696F823100D
S3150200567896F92500FFF714FE2FB12246397897F9D5
S315020056880100FFF70DFE0020264B236005B0BDE89A
S31502005698F083F17828780A01022842EA811230D08A
S315020056A83BD903210A4348EA024242F0807824E7BA
S315020056B80027CEF83870A268C2F88870B26B002A42
S315020056C89ED1174693E7012BA7681CD0009239464C
S315020056D8EA6802AB6068FFF72DFDDDE902210B06D9
S315020056E843EA014343F0030C43F00103E1E643F4C2
S315020056F88033B2E6F968003918BF012131E7092279
S31502005708F1E60921CEE74FF0030C4FF0FF32D0E65F
S31502005718002A0CBF06220922E5E600290CBF06214B
S315020057280921BFE75450470030B44268034692F94C
S315020057381210D269002911DB01242E4D480901F005
S315020057481F0C203004FA0CF445F82040BFF34F8FA3
S31502005758BFF36F8F0024284840F8214092F924109D
S31502005768002911DB0124234D480901F01F0C2030C2
S3150200577804FA0CF445F82040BFF34F8FBFF36F8F3E
S3150200578800241D4840F8214092F92510002911DB12
S315020057980124184D480901F01F0C203004FA0CF4B4
S315020057A845F82040BFF34F8FBFF36F8F002412488E
S315020057B840F82140526BA2B192F90120002A10DB6F
S315020057C801200C4C510902F01F052031A84044F86B
S315020057D82100BFF34F8FBFF36F8F0020064941F8B0
S315020057E822000020D3E90221186091609B68586361
S315020057F830BC704700E100E03017002282680129B8
S31502005808536B02D043F4807309B143F080730020CE
S315020058185363704782680129536B02D023F480735D
S3150200582809B123F0807300205363704703469B68CF
S315020058380020703343F82120704700BF0269017BBC
S315020058488368013A29B143F80C2BF12200201A7019
S31502005858704792B223F8082BF12200201A7070477B
S31502005868024600209368127BF021824203F10C0261
S3150200587803F1080318BF13461970704706207047CC
S315020058880620704784460020CCE90632CCF814106C
S31502005898704700BF00F10C03002900F1080018BF89
S315020058A818464378C3F30213032B07D94FF4004370
S315020058B8827802F0070223FA02F0704710B51A49F5
S315020058C81A480A6A898CC2F3032E01F00F0C4EEAB3
S315020058D80C04240700684FEA122289B216D50C076F
S315020058E819D54FF0030C01F007010CFA01F1140760
S315020058F815D5032402F00702944000FB01F2B2FB1D
S31502005908F4F013B183F00203D84010BD00FA0CF08C
S3150200591820FA0EF0F5E7012101FA0CF1E7E7012476
S3150200592804FA0EF4E9E700BF00E001405C17002222
S3150200593838B50C468368017B03F10C02002903F192
S31502005948080C18BF94469CF8003003F00102C3F312
S3150200595840039A42F7D10369A3604368DA69127869
S31502005968502A0AD11B7C0F4A013BDBB252F823505C
S3150200597865B900206560207038BD017B8068FFF735
S3150200598889FF054600206560207038BD8368017B63
S31502005998A3F58070FFF77EFFB0FBF5F50020656082
S315020059A8207038BDD01600222DE9F041002741604B
S315020059B807730B7C474D044605EB03250E468560A7
S315020059C8EFF31088012181F31088434A337CD068AB
S315020059D8C3F1050301FA03F320EA0303D360D3688C
S315020059E8962001F0ABF888F310882F722B7AC3F34E
S315020059F840029B071146F9D4AA72F069227BA36872
S31502005A08002A0778C27803F10C0C357A03F10803E9
S31502005A18007918BF634602F00702002F4CD1002D09
S31502005A2851D11871002098715A709D707368626816
S31502005A382361107C2949227B41F82030013B002A48
S31502005A4836D0A268136096F91230002B26DB727CD8
S31502005A5803F1604112012248D2B201F5614181F88F
S31502005A680023204A40F8234003F5C65152F8210084
S31502005A7820F4803042F8210052F82120BFF35F8FCC
S31502005A8801215A09920003F01F0302F1604202F54E
S31502005A98614201FA03F3C2F8803113600020736988
S31502005AA8114A6361B3692260C4E90603BDE8F0815D
S31502005AB8A2689BB21380C6E7502F06BF0D4642F076
S31502005AC850023A43ADE785F0020142EA01123D4629
S31502005AD8D2B2A6E70010224000302040D01600229B
S31502005AE83017002200600040544741008168027B5B
S31502005AF801F10C03002A01F1080118BF19460B78B7
S31502005B0803F00102C3F340039A42F8D1F0230020BE
S31502005B180B70704730B48468057B04F10C03002DC2
S31502005B2804F1080118BF19460B7803F00102C3F302
S31502005B3840039A42F8D10369013B25B99BB22380F7
S31502005B48002030BC70472360002030BC704700BF7D
S31502005B5800B5836890F80CE003F10C02BEF1000F61
S31502005B6803F1080C18BF94469CF8003003F00102B2
S31502005B78C3F340039A42F7D19CF80030C3F34003BB
S31502005B880B71037B33B9836800201B889BB20B60B9
S31502005B985DF804FB836800201B680B605DF804FB54
S31502005BA830B48468057B04F10C03002D04F1080C5B
S31502005BB818BF9C469CF8003003F00102C3F3400369
S31502005BC89A42F7D143680161187C074A4B1E42F88C
S31502005BD820101DB12360002030BC70479BB2238081
S31502005BE8002030BC704700BFD016002230B485684A
S31502005BF8047B05F10C03002C05F1080118BF1946B0
S31502005C080B7803F00102C3F340039A42F8D14368C2
S31502005C181A7834B9012A0ED0F1230B70002030BC51
S31502005C287047012AF8D102691C7C0748531E40F8BE
S31502005C3824202B60F0E702691C7C0348531E9BB2A2
S31502005C4840F824202B80E7E7D016002210B481689A
S31502005C58027B01F10C03002A01F10801044618BF70
S31502005C6819460B7803F00102C3F340039A42F8D1AE
S31502005C780023F4220A700B71636893F9123013F148
S31502005C88210F04D1002020605DF8044B7047002BD9
S31502005C9810DB01210B485A0903F01F03203201FACF
S31502005CA803F340F82230BFF34F8FBFF36F8F636859
S31502005CB893F912300020044A42F8234020605DF826
S31502005CC8044B704700E100E030170022F0B585B0BA
S31502005CD8EFF30383103B204A5BB203F5C65152F831
S31502005CE8210020F4803042F8210052F821201B4A74
S31502005CF852F82340237BA56853B30C3562682B7888
S31502005D081278DBB2012A04D1F42203F0F0032A70D6
S31502005D182B706269B2B1A66901AFDEB196E80700D7
S31502005D2887E807009B0644BF00233371E3693046C0
S31502005D38336063699847A3691BB197E8070083E84C
S31502005D4807002B78DBB203F00F032B7005B0F0BD0A
S31502005D580835D3E73E46E5E70060004030170022E3
S31502005D6884460020CCE90632CCF81410704700BFEE
S31502005D780346044A59680020C2F8081C9B68C2F800
S31502005D88103C704700803340844610B40A4ADCF857
S31502005D980430D2F8084C0B402343C2F8083CDCF81E
S31502005DA80840D2F8103C21401943C2F8101C0020C2
S31502005DB85DF8044B704700BF00803340084BD3F8A8
S31502005DC8802C0378013B032B05D9131E18BF012328
S31502005DD800200B707047022300200B70704700BF2B
S31502005DE800803340162992BF054B064B603953F89B
S31502005DF82130002BB4BF252000201380704700BF36
S31502005E0800A0334080A13340002310B44FF0FF3086
S31502005E184FF6FF74C1E90033C1E90240084A8B8292
S31502005E281378DB0904D0074BD3F8A03D9BB2CB60AD
S31502005E384FF47A6300205DF8044B8B82704700BFEB
S31502005E480050234000E0C1020620704703461A7834
S31502005E58052A17D8DFE802F02A2E1D1803034FF089
S31502005E68050C1A691949506990F8902002F0070240
S31502005E78C1F8802290F89020C2F30212C1F88C224F
S31502005E8883F800C00020704702224FF440701A704F
S31502005E98704704210D4A1970D2F88C124907D6D0D8
S31502005EA807234FF48060C2F88C3270470122032020
S31502005EB81A7070470321054A1970D2F880124807EA
S31502005EC8C5D007230420C2F88032704700803340C9
S31502005ED8F8B500230161CA68044642610A6903707B
S31502005EE8C0E906324F69EFF31086012181F3108863
S31502005EF8734DEB6823F40013EB60EB68962000F011
S31502005F081DFE86F31088397F01F00301012900F08E
S31502005F18C8800022396A6B4BD9601A605A68002A0F
S31502005F28FCD10120F9699960664918604B68012B12
S31502005F38FCD17B6A0B6497F8243013F00C0F05D159
S31502005F4803F00303012B0CBF0F22072297F8253013
S31502005F5813F00C0F08D103F0030342F4E061012B9E
S31502005F6842F4706218BF0A464FF0080E55494EF0C1
S31502005F7801E04A64D7F89C20534BC1F8602297F88F
S31502005F88902002F00702C1F8802297F89020C2F307
S31502005F980212C1F88C22D7F89420C1F88822D7F8C1
S31502005FA89820C1F894227A69C1F84023BA69C1F8DF
S31502005FB844237A6EC1F86422BA6EC1F8B02207F198
S31502005FC89C0252F8041F043343F8041C116AD9616F
S31502005FD8516C19640FF00BC8002340F2FF1CD7F866
S31502005FE8E010384A4FF0010EC2F8A0131C21C2F87D
S31502005FF80034C2F80434C2F80834C2F80C343B8FB1
S31502006008324EC2F8C0347B8F314DC2F8C434FB6BB2
S315020060183048C2F8C8343B6CC2F8CC347B6CC2F840
S31502006028D034BB6CC2F8D434FB6CC2F8D834C2F88C
S31502006038F0CC23695B69DB6E03EB010C1CF9013BAF
S31502006048002B21DB1CF81D2CF7181201D2B287F897
S31502006058002303F5C65245F8234050F8227027F468
S31502006068803740F8227050F82220BFF35F8F5A0912
S31502006078920003F01F0302F160420EFA03F302F5DF
S315020060886142C2F8803113600139D7D103224FF435
S3150200609840350C4B10499D621A625A6261620020B1
S315020060A8F8BDEFF3108681F310882B6923F00043BD
S315020060B82B612B69962000F041FD86F3108828E7AC
S315020060C800302040008033406083334000E100E026
S315020060D83017002200600040484344412DE9F04F42
S315020060E84FF0210E002482468B464EF001E00269EB
S315020060F89F4B526987B0047043F8104B0FF005C0E6
S315020061084FF0080E4EF001E0D36A9A499A48CB64DA
S31502006118136B801A0B65536B4B65136DC1F8C0314F
S31502006128536DC1F8C431936DC1F8C831D36DC1F846
S31502006138CC31146E02F16C03C1F8D041C21853F87F
S31502006148041F11600FF007C00023CAE901339BF848
S315020061580020002A00F00881984618465346C2468F
S315020061681A46864EDFF828920121DBF8043053F8E6
S3150200617828502F786B682C7923F07F43B940BC40AE
S3150200618889B223F0FF034AEA040A0843002B40F0C7
S31502006198E580AB68002B40F0E18093680B4393607F
S315020061A82B786979764C1B0119512B78A9791B0131
S315020061B8043419512978AB68043409010B512B6947
S315020061C82F787049002441F82730EB78002B72D0DB
S315020061D8CDE901026C4F0AE0652A03D10121654A1D
S315020061E8C2F82013E9780134E2B2914261D9AA6968
S315020061F852F8240002784168120102F1804202F53F
S315020062084E12C2F800168168C2F80416C168C2F8AE
S3150200621808160169C2F80C164268C2F30622642AF5
S31502006228DAD13278D209DDD1EFF310820121039255
S3150200623881F31088D9F80C0020F48000C9F80C0004
S31502006248D9F80C00962000F079FC039A82F310889C
S3150200625897F8DC2A012113074FF01E00C2F3C00C7F
S3150200626818D44AF220524FF4254EA7F8FA2397F883
S31502006278E02A6CF3000287F8E02A97F8DC2A42F053
S31502006288080287F8DC2A97F8E02A0A4387F8E02A00
S31502006298A7F8FAE33278013442F08002327000F04D
S315020062A84DFC327842F010023270E978E2B291423D
S315020062B89DD8DDE901029BF8003008F101085FFA72
S315020062C888F18B423FF650AF114652468A46096913
S315020062D84E6996F82210B6F820C0CC4381F0020126
S315020062E8C1F340018DF8151004F00101CCF30A0C34
S315020062F88DF81410B3B3DAF804100FFA8CFC4FEACF
S315020063084C0C4E369B0069B300252F46043B990870
S31502006318DBF804E001315EF8054036F8023F64789E
S315020063280CEB030818346C4414F8044C0433002CA0
S3150200633818BF43469F4238BF1F46013905F1040577
S31502006348E9D101370B4BCAF80C70986400200F4943
S31502006358DA65CAF8201007B0BDE8F08F53680B4318
S3150200636853601DE70127EDE701271046EAE700BF5C
S315020063780086334000803340D481334000502340A6
S31502006388C08033400082334000E001404843444124
S31502006398003020402DE9F04190B09DF85860EFF3A7
S315020063A803841F4D103C64B255F824506F698FB3AD
S315020063B80593FF23ADF81810D5F81880E9698DF80A
S315020063C8020004920191ADF800608DF80830B8F128
S315020063D8000F23D0C4464746BCE80F00EE4608AE77
S315020063E80FC69CE80F0086E80F00BEE80F000FC72D
S315020063F89EE80F008CE80F006B6940469847AB6928
S3150200640843B19C4608AD0FCDACE80F0095E80F00E6
S315020064188CE80F00204610B0BDE8F081E846EBE7AD
S3150200642830170022002310B5344AC2F8083CC36864
S315020064382BB143F001E0D2F8803C0FF005C02F4A99
S31502006448D2F8803C3BB140F20113C2F8603CD2F864
S31502006458803C002BFBD100234FF0010C1C2227495C
S31502006468C0E90833C0E90133C1F820330369244C73
S315020064785B69D86E1B3010F9013F002B0BDB5909FB
S3150200648803F01F030CFA03F3203144F82130BFF35B
S315020064984F8FBFF36F8F013AEDD11A4B1A78D20993
S315020064A811D1EFF31084012181F31088164BDA68B3
S315020064B842F40012DA60DB68962000F03FFB84F3B0
S315020064C81088002010BD1A7822F010021A701A7865
S315020064D822F080021A70EFF31084012181F31088EA
S315020064E8A3F54833DA6842F48002DA60DB6896205C
S315020064F800F024FB84F31088D3E700BF0080334002
S3150200650800E100E00050234000302040162992BFE7
S31502006518054B064B603953F82130002B9BB2B4BFAA
S31502006528252000201360704700A0334080A1334025
S315020065380023144AC2F8083CC368ABB100B543F05D
S3150200654801E0D2F8803C0FF005C00E4AD2F8803C32
S315020065583BB140F20113C2F8603CD2F8803C002BF2
S31502006568FBD100205DF804FB064AD2F8803C3BB119
S3150200657840F20113C2F8603CD2F8803C002BFBD1F2
S315020065880020704700803340002310B5154A037077
S31502006598C2F8083CC3682BB143F001E0D2F8803C4C
S315020065A80FF005C00F4AD2F8803C3BB140F2011306
S315020065B8C2F8603CD2F8803C002BFBD10323094C7D
S315020065C809490A4AC4F88C3CC4F8B43CC4F8B81C55
S315020065D8C4F8C42CFFF73AFC0346C4F8003C002072
S315020065E810BD00BF00803340FFFF7F0073037700B2
S315020065F810B591FAA1F47CB3B4FA84FC6446194B3B
S31502006608194864084FEA0C1E03EB840300EB8C005E
S315020066180EF010041B6803F00F13E340C3F10803DE
S31502006628DBB21370DBB14FEA830EAEF1040E4FEA0A
S315020066389E0E0EF1010E4EF001E00432036842F896
S31502006648043B0FF005C80020084BD3F8F82C61F379
S315020066581842C3F8F82C10BD0548064BDAE70D2098
S31502006668F2E700BFD08C334000A2334000803340AB
S3150200667880A23340108D33402DE9F043264B83B078
S31502006688D3F8881CD3F8A05C11F0010F14BF0727B2
S31502006698032715F001053DD0D3F8A45CD3F8B03C26
S315020066A807279946EFF303831C4A103B5CB252F85C
S315020066B824804046FFF7CAFB032F064625D0062349
S315020066C8002688F800304FF0FF0C2A464B4638461B
S315020066D80021CDF800C0FFF75DFE01200E4A1049E1
S315020066E8C2F89C0C04F5C65351F8234024F48034AE
S315020066F841F8234051F82330D2F8803C002BFBD1D5
S31502006708C2F8006C03B0BDE8F08398F80030042B99
S31502006718E3D9D8E7A946C5E70080334030170022F7
S31502006728006000402DE9F043274B83B0D3F8881C5C
S31502006738D3F8A02C11F0020F14BF4FF007084FF040
S315020067480308C2F3400592073BD5D3F8A45CD3F8F5
S31502006758B03C4FF007089946EFF303831B4A103BF8
S315020067685CB252F824703846FFF770FBB8F1030F93
S31502006778064622D0062300263B70FF272A464B46AA
S31502006788404600210097FFF705FE02200E4A1049EF
S31502006798C2F89C0C04F5C65351F8234024F48034FD
S315020067A841F8234051F82330D2F8803C002BFBD124
S315020067B8C2F8006C03B0BDE8F0833B78042BE4D939
S315020067C8DBE7A946C8E700BF00803340301700223E
S315020067D80060004010B5FF2482B000220023012188
S315020067E800940020FFF7D6FD0121084A084B00F560
S315020067F8C650C2F8541D53F8202022F4803243F8BA
S31502006808202053F8203002B010BD00BF008033406C
S315020068180060004010B5FF2482B000220023042144
S3150200682800940020FFF7B6FD0421084A084B00F53C
S31502006838C650C2F8541D53F8202022F4803243F879
S31502006848202053F8203002B010BD00BF008033402C
S31502006858006000401D4A92F82630928CDBB202F0A4
S315020068680F02A2F1080103292BD8DFE801F020164E
S315020068780C021749174A51F82330A2FB03231B09B6
S31502006888154A136070471249124A51F82330A2FB7F
S315020068980323114ADB08136070470D490D4A51F864
S315020068A82330A2FB03230C4A9B081360704708494E
S315020068B8084A51F82330A2FB0323074A5B081360F0
S315020068C87047034951F82330D340D9E700E0014025
S315020068D8A0040022ABAAAAAA5C17002200000000A4
S315020068E84AF203519FED744B9FED755B38B57A4AB0
S315020068F87A4B7B4C7B489A62C3E908029FED726B1E
S315020069089FED737BA4F8FA13A3EC045F83ED007F73
S31502006918FFF7A0FF0A2009210122002384F8500A62
S3150200692884F8A21084F8002C84F8323094F83C30AB
S315020069381807FBD54FF46C554FF4897000214FF6B2
S31502006948021240F21113C4F8C850A4F84E0084F893
S315020069584A10C4F8AC20A4F84C30BFF34F8FBFF3EB
S315020069686F8F614B5A6922F400325A61C3F850128A
S31502006978BFF34F8FBFF36F8F5C4A136823F44053FC
S315020069881360BFF34F8FBFF36F8F0121237D02F18F
S31502006998C04261F302032375137DD906FCD4534A18
S315020069A8136843F440531360BFF34F8FBFF36F8FDF
S315020069B8A2F57342536913F4003311D1BFF34F8F13
S315020069C8BFF36F8FC2F85032BFF34F8FBFF36F8F8B
S315020069D8536943F400335361BFF34F8FBFF36F8F8D
S315020069E800233F4A82F82A3092F83C309B06FBD5B0
S315020069F800223F4B1A701A781A781A785A68FA2AB5
S31502006A0804D03C4959605A68FA2AFBD1384B9A682D
S31502006A183F2A04D0384999609A683F2AFBD1052251
S31502006A2842F220212E4B35481862998483F8262093
S31502006A38FFF710FF0121962000F080F82C4A5368D0
S31502006A48C3F30903642B84BF01231370FFF702FF04
S31502006A584AF201532A490B80BFF35F8F01230B7257
S31502006A68BFF35F8F4FF425401D4A088082F8303005
S31502006A7882F8523082F8533092F8553043F0400388
S31502006A8882F8553092F85530DB09FBD0C62302202E
S31502006A9882F8540082F8553092F85530104903F0BE
S31502006AA8BF0382F8553091F85530DB09FBD14FF414
S31502006AB82543A1F8FA3338BD006CDC0200127A00CD
S31502006AC80080000000366E010000000000CA9A3BF2
S31502006AD800389C1C00CA9A3B0054EA2AA0040022E9
S31502006AE800E0014000CA9A3B00ED00E000E001E048
S31502006AF800C01340FA00001E3F0000E13234334260
S31502006B080020004010B50024064B012083F82840D7
S31502006B1800F0C0F8044B012083F84C4CBDE8104045
S31502006B2800F088B80020204000E001400000000084
S31502006B38A0F101000028FBD1704700BF1E4B1F4A77
S31502006B481B6800FB01F1934213D302F1854202F559
S31502006B58071203F5742302F6834203F23F23A2FBCC
S31502006B6803239B0CA3FB01314FF0FF30E1B1FFF782
S31502006B78DFBF4FF47A7210B4114C4FF0FF30B4FBFA
S31502006B88F3F3A1FB02C434B9BCFBF3F080B15DF8A0
S31502006B98044BFFF7CDBFB1FBF3F1A1FB0212002AAA
S31502006BA8F5D1084620B1F2E71846002BDFD1704727
S31502006BB85DF8044B704700BF5C17002200127A008A
S31502006BC800CA9A3BF8B5002401260D4B0D4FD3F89F
S31502006BD80021D3F82051154006FA04F32B4204D0BB
S31502006BE857F82430E0B203B198470134152CF3D193
S31502006BF8034AC2F81051D2F820312B42FBD1F8BD14
S31502006C0800C00040D81600220022082310B4074804
S31502006C18074C30F8021F02F5C65C013209B144F886
S31502006C282C10013BF5D15DF8044B704746A10002D2
S31502006C3800600040EFF31081012383F31088124BA2
S31502006C4833F8102092B22AB133F81020013A92B2E0
S31502006C5823F8102033F810309BB293B910B40B4ABC
S31502006C680B4CB2F8FA3334F810009BB243F42543BE
S31502006C7823EA0003A2F8FA3381F310885DF8044B7D
S31502006C88704781F3108870475017002200E00140D0
S31502006C98C4A5000230B4EFF31081012383F31088F0
S31502006CA80E4A32F810309BB26BB90D4C0D4DB4F842
S31502006CB8FA3335F810C09BB243EA0C0343F4254372
S31502006CC89BB2A4F8FA3332F8103001339BB222F899
S31502006CD8103081F3108830BC704700BF501700226D
S31502006CE800E00140C4A5000200BE704708B500F0E6
S31502006CF837F8FAF7A5FFFEE7F8B5174F05463E68D7
S31502006D08A6B17C6806EB460604EB860602E00C345E
S31502006D18B4420BD0637AAB42F9D1D4E9000200211E
S31502006D28121A0C3401F04EFCB442F3D1BE6896B185
S31502006D38FC6804EB061602E01034A6420BD0637B0D
S31502006D48AB42F9D1D4E90002A168121A103401F053
S31502006D5847FCA642F3D1F8BD94A300020000000046
S31502006D68F8B5984A984B5A61BFF34F8FBFF36F8FA6
S31502006D781B6803F47002B2F5801F00F0FC8013F45E
S31502006D88600F00F0E480914A136823F0040313604D
S31502006D98BFF34F8FBFF36F8F4FF470028C4B8A4C41
S31502006DA80020C4F88820A360FAF73EFF0025FFF703
S31502006DB897FD4AF202514FF42542864B0120A3F869
S31502006DC8FA1383F8B05AA3F8FA23FAF72DFF824B7F
S31502006DD883F30A887D4B1A68920704D5A268B2F132
S31502006DE8007F00F0CC800020FFF786FFFFF732FD18
S31502006DF8FFF788FE0320FFF74DFF00234FF00E0E24
S31502006E081C464EF001E0754903F10C0221F82240B6
S31502006E1801330FF007C80320FFF70CFF0320FFF723
S31502006E2839FF6F4B684E5C6003209C60DC601C6116
S31502006E38FFF700FFD6F8C0306A4923F0FF030F694F
S31502006E4843F04403C6F8C03007B3002214464D691E
S31502006E5805EBC4035B6855F83410203B23F01F0387
S31502006E68580921F01F0120300132B0EB511FD2B26E
S31502006E7841F0010C43F0010305D9C6F89840C6F85B
S31502006E889CC0C6F8A03097421446E1D8BFF35F8F7C
S31502006E9805234D49C1F894304B6A43F480334B625B
S31502006EA8BFF34F8FBFF36F8F4B6913F4803328D12B
S31502006EB8C1F88430BFF34F8F43F6E076D1F880509D
S31502006EC8C5F34E346401C5F3C90505F1010E2B4617
S31502006ED84EF001E004EA060040EA8372C1F8602235
S31502006EE8013B0FF007C8203C14F1200FEDD1BFF388
S31502006EF84F8F4B6943F480334B61BFF34F8FBFF318
S31502006F086F8F0220FAF790FE0120FFF7F5FEBFF316
S31502006F184F8FBFF36F8F00242B4BC3F85042BFF33A
S31502006F284F8FBFF36F8F304B304D5B1BA3424FEA37
S31502006F38A30605DD55F8043B01349847A642F9DC59
S31502006F48FFF762FEBDE8F840002000F051B81F4A7C
S31502006F58136843F004031360BFF34F8FBFF36F8FB9
S31502006F684FF0E022936843F480339360BFF34F8F68
S31502006F78BFF36F8F10E719077FF405AFFFE601210C
S31502006F881A695869C2F3C302093201FA02F30026E2
S31502006F980027DB0843F005C0E5E802670FF005C0E5
S31502006FA8C0F3C303093301FA03F34FF00052DB08B7
S31502006FB843F007C0AFF30080E2E802670FF005C0AE
S31502006FC811E700BF01020E0000ED00E000E001E05B
S31502006FD80000000200E00140A0000022000D40402F
S31502006FE80040204094A300028CA7000288A7000252
S31502006FF8704700BF994B70B51B689A6C120E12F057
S31502007008190F18D11A6D12F47C5F2DD0944819689D
S315020070180278CDB20132D2B202F1FF3C0270BCF163
S315020070280B0F00F2A181DFE80CF025202B20323964
S3150200703844505A6164670125FE244FF6C57E4FF017
S31502007048000C8848884998665A6A0A435A629866BA
S315020070585A6A0A435A62854B1D80854BA3F800E09B
S315020070681C717F4B83F800C070BD82490B786B4058
S315020070780B7070BDAA2D4FF000035ED0037070BD71
S315020070887C4A7D4913780D706B40137070BD794A3E
S315020070987A4913780D606B40137070BD754E774848
S315020070A8327804680B029BB26A402343327003604B
S315020070B870BD704E7148327804680B0403F47F037E
S315020070C86A4023433270036070BD6A4C6B4822786B
S315020070D803686A4043EA01632270036070BD654A29
S315020070E8674913780D606B40137070BD614E644832
S315020070F8D6E7604E6248DEE74FF0000C5D4E604C04
S31502007108327880F800C06A402568FF2A45EA01619C
S31502007118327021601AD00A254FF6C5740120514AE9
S3150200712853499A665A6A42F4000242F400425A6283
S315020071384E4B0D710C80188070BD4E4C4E484F490F
S315020071484F4A257003700B60136070BD4A4A127865
S31502007158033A1F2A21D8DFE812F0ED00DC00CB0043
S31502007168BA00A900990070005F00520020002000B2
S3150200717820002000200020002000200020002000FF
S3150200718820002000200020002000200020002000EF
S31502007198200020004000200022000B25BCE7374AC9
S315020071A81268D0B20B2800F2DD80C2F30722082A41
S315020071B800F2D68001F15E42B2F5D01F80F0CE8091
S315020071C800264FF6A57501242E4A294B42F82010AF
S315020071D8264A5E601D80148070BD002510244FF675
S315020071E8A5700121254B1A68C2F308021A60204BC2
S315020071F8DA801E4A9D801C721880118070BD4FF677
S31502007208A57401201D4A204B1168194A4B4017499B
S3150200721853601480088070BD184A126802F15E40F5
S31502007228B0F5D01F80F09A804FF6A5750120104C54
S315020072380E4B11602580188070BD104A126802F143
S315020072485E40B0F5D01F80F089804FF6A575012003
S31502007258074C064B11802580188070BDF017002256
S3150200726865170022100007BD0080800066170022FD
S315020072786817002264170022631700229817002253
S3150200728894170022C017002225106319404A126873
S3150200729802F15E40B0F5D01F60D24FF6A575012007
S315020072A83C4C3D4B11702580188070BD384A1268D7
S315020072B802F15E41B1F5D01F50D24FF6A5700121F9
S315020072C81468344B344A5C601880118070BD304AA9
S315020072D8126802F15E41B1F5D01F3FD24FF6A57092
S315020072E8012114882B4B2C4A5C601880118070BDD2
S315020072F8274A126802F15E41B1F5D01F2ED24FF627
S31502007308A57001211478234B234A5C6018801180EA
S3150200731870BD40F232354FF6A57401201C491D4A4C
S315020073280B689580C3F308030B601B49D38014804E
S31502007338088070BD0121492500244FF6A570174A19
S31502007348144B12781D7330325A73134ADC8111803A
S315020073581349144A1880C3E9011270BD8725DBE672
S315020073688A25D9E68925D7E690264FF6C5750121DD
S3150200737800240D4A04709A66064A15801671064A52
S3150200738811805A6A42F4000242F400425A6270BDFF
S315020073989817002268170022661700226117002232
S315020073A852413854322F5343100007BD2DE9F04F8E
S315020073B8A1B0FFF71FFE8D4BB3F90020012A42D078
S315020073C88B4B1B78012B0CD0022B00F0E880032B89
S315020073D800F0C180874B1A78D3E90010D3E9024638
S315020073E845E0854A117800297CD08449814B91ED84
S315020073F8007F4FF6577155EC164B57EC176B1980F1
S315020074080021A04611708DED006A8DED046AA94629
S3150200741883ED817EB246BB465722019505950296B3
S31502007428069654465D464FEA094024042E04196816
S31502007438CDF80CB0CDF81CB040EA184044EA19441D
S3150200744846EA1A4613E06E4D0022D5E9024695ED44
S31502007458007F1A80674B59EC168B5BEC17AB83EDF2
S31502007468007F298A5FFA88F21982D5E9001041401D
S315020074781D7C61405C7C714085EA0400484080EAD4
S31502007488116080EA114080EA11205E49C0B209689B
S3150200749858704A609A7848604A60D8781A7948607B
S315020074A84A6058799A7948604A60D8791A7A48605F
S315020074B84A60587A9A7A48604A60D87A1A7B48604B
S315020074C84A60587B9A7B48604A60DB7B4B604B6D0F
S315020074D80F2BFCD84D604B6D0F2BFCD84C6021B09E
S315020074E8BDE8F08F1370484AD2E9003118689368EC
S315020074F81C900868D1681D9018683E4B1E90096852
S315020075081F91D2E904512D6818954FF656750E68E3
S315020075183A4919961D809DED1C7FD2E9060255EC63
S31502007528164B57EC176B006883ED817E1A908DED2A
S31502007538006A8DED046A019505951268A0461B92AC
S315020075489DED187FA94681ED007FB246BB465622BD
S315020075580296069665E728490B78002B58D0012B28
S3150200756800F0AE80294A234B92ED007F4FF65B72FC
S3150200757855EC164B57EC176B1A800022A0460A7078
S315020075888DED006A8DED046AA94683ED817EB246C9
S31502007598BB465B22019505950296069641E71A4B6C
S315020075A8D3E900020468986814941468DA68159492
S315020075B80068104B169010684FF6587217909DED9A
S315020075C8147F55EC164B57EC176B1A80A0468DEDB7
S315020075D8006A8DED046AA94683ED817E5822B24679
S315020075E8BB4601950595029606961AE76617002286
S315020075F8601700228017002262170022A0170022B5
S3150200760868170022F0170022C0170022B0170022BE
S315020076183A4AD2E900301C68936810940468D06824
S3150200762811941C681294006813909DED107F55EC16
S31502007638164B57EC176B136A8DED006A1B688DEDB6
S31502007648046A0C93536A02961B6801950D93936A12
S3150200765805951B68A0460E93D36AB2461B680F931C
S31502007668069613695069D3F800C0254BD2E906423B
S3150200767883ED817ECDF820C000689DED0C7F0990D0
S31502007688206834040A904FF6597012683E040B9229
S3150200769818809DED085F1B4A2804A2EC045F82ED60
S315020076A8007F012203F1020E0A7003975922196814
S315020076B8079740EA184044EA154446EA1A46D6E6C7
S315020076C8104A0F4B92ED007F4FF65A7255EC164B45
S315020076D857EC176B1A800222A0460A708DED006AD3
S315020076E88DED046AA94683ED817EB246BB465A22CF
S315020076F8019505950296069693E600BFC0170022E5
S3150200770880170022A017002282EF5266354B30B44A
S3150200771883ED087FA3EC047F002283ED007F324CC1
S31502007728324D21703249334C0A70334922802A700D
S315020077384B68324C324D62F39E734B602560EFF311
S315020077481081012383F310882E4A13683BB905F585
S31502007758282585F8143C402305F540652B751368E2
S315020077680133136081F310884FF0050C264BD3F8CA
S3150200777804116CF31C61C3F80411D3F800116CF3FD
S315020077881C61C3F80011D3F8041141F48031C3F81F
S315020077980411D3F8001141F48031C3F80011EFF354
S315020077A81081012383F31088136813B11368013B10
S315020077B8136013681BB98025144A1375157581F36E
S315020077C81088002211212368000240F040009A60C6
S315020077D8DA6018615A6930BC42F480125A619960BB
S315020077E8704700BFC01700226017002261170022E7
S315020077F8651700226617002200302040F017002283
S31502007808008135402C17002200084040000D4040F8
S31502007818D1ED017A91ED007ADFED135A77EEA77A68
S3150200782827EE257A90ED026AD0ED036A67EE877A2B
S3150200783827EE077A90ED015A66EE275A27EE007A66
S3150200784866EEA77A75EEC55A26EE076A77EEC57A08
S3150200785866EE876AC2ED015A82ED026AC3ED017AC3
S31502007868C3ED026A704700BFDB0FC9400021002240
S3150200787803468165C1650166DAB1052A23D0D3EDCF
S31502007888007A93ED057A13ED016AD3ED046A37EEB1
S31502007898C66A77EE666AC6EE265A27EE257A77EE26
S315020078A8C77AC3ED0A5AC3ED107A01320433002AA5
S315020078B8E3D1D0ED006A90ED057AC6EE877A0164C7
S315020078C8C0ED0A7AF1E700220369C263436570478D
S315020078D800238365C3650366704700BF90F86C3062
S315020078E8012B04D000238365C365036670479FEDA9
S315020078F88D6A20EE066A80ED190A80ED1A6A92ED03
S31502007908007AD2ED017AB5EEC07AD2ED026AF1EECC
S3150200791810FAF5EEC07ABABFB1EE477AFFEE004A20
S31502007928F7EE004AD0ED075AF1EE10FAF5EEC06A04
S31502007938BABFF1EE677ABFEE005AB7EE005AF1EE19
S3150200794810FAF4EEC75ABABFF1EE666ABFEE003A0B
S31502007958B7EE003AF1EE10FA00F3A58090ED084A68
S31502007968B4EEC47AF1EE10FA40F2D88090ED094AE4
S31502007978B4EEC47AF1EE10FA94BF0423052300EBA1
S315020079888303D3ED0A2AD3ED103A27EE227A37EE8D
S31502007998237A9FED654A27EE007A27EE047AB4EE3B
S315020079A8476AF1EE10FAF4EEE75A48BFB0EE467AA5
S315020079B8F1EE10FA24EE877A80ED167A40F3958076
S315020079C8D0ED064AF4EEE47AF1EE10FA80F2A280DD
S315020079D8D0ED054AF4EEE47AF1EE10FAACBF0123D3
S315020079E8002300EB8303D3ED0A3A93ED104A67EEC0
S315020079F8A37A77EE847ADFED4C4A67EE807A67EEF1
S31502007A08A47AB4EE676AF1EE10FAF4EEE65A48BFC3
S31502007A18F0EE467AF1EE10FA25EE275A80ED175A5D
S31502007A2852DDD0ED067AF4EEE76AF1EE10FA6DDA77
S31502007A38D0ED057AF4EEE76AF1EE10FAACBF01234F
S31502007A48002300EB8303D3ED0A4A93ED105A66EE40
S31502007A58A47A77EE857ADFED345A67EE807A67EE96
S31502007A68A57AB4EEE76AF1EE10FA58BFB0EE676A85
S31502007A7863EE067AC0ED187A91ED006A36EE077A59
S31502007A8881ED007AD1ED016A90ED177A36EE877AA2
S31502007A9881ED017AD1ED027A90ED187A77EE877A3E
S31502007AA8C1ED027A704790ED064AB4EEC47AF1EE59
S31502007AB810FA31DA90ED054AB4EEC47AF1EE10FA0C
S31502007AC8ACBF012300235AE7D0ED087AF4EEE76A41
S31502007AD8F1EE10FA24D9D0ED097AF4EEE76AF1EE5E
S31502007AE810FA94BF04230523ABE7D0ED084AF4EE57
S31502007AF8E47AF1EE10FA0BD9D0ED094AF4EEE47AFB
S31502007B08F1EE10FA94BF042305236AE7022398E7E5
S31502007B18032366E7022364E7022330E703232EE7FB
S31502007B2803238EE70AD7233DABAA2A3DD0ED0B7A6B
S31502007B38D0ED033A90ED0A4AD0ED086A34EE674A68
S31502007B48D0ED025A63EEA66A27EEA53A90ED0D6AC3
S31502007B5866EE846A90ED007A76EEC36A36EE000A1D
S31502007B68C7EE234A30EE260A64EE806A77EEA67AD4
S31502007B7890ED0E5AF0EEE76AB4EEE65AF1EE10FA16
S31502007B8888B008D5B0EEC55A17EE903AF1EE457AA6
S31502007B98002B65FE277AD0ED096A31EE675ACDEDDC
S31502007BA8057A67EE267A67EE857A36EE276A8DEDCE
S31502007BB8041A8DED066A8DED076A9DED043FD0ED38
S31502007BC8127AD0ED046A80ED0A3F90ED114AD0EDA3
S31502007BD80F3AC7EE264A34EE674A66EEA36A67EE9E
S31502007BE8A55A90ED146A66EE846A76EE200A76EE57
S31502007BF8E56A70EEA60A64EEA06A77EEA60A90ED2A
S31502007C08155AF0EEE07AB4EEE75AF1EE10FA08D514
S31502007C18B0EEC55A10EE903AF1EE450A002B65FE13
S31502007C28200AD0ED106A71EEE07A27EE267A27EE60
S31502007C38277A76EE077ACDED001ACDED010ACDED5B
S31502007C48027ACDED037A9DED007F80ED117F08B0B3
S31502007C58704700BF90ED047A60EE870AD0ED0C7A81
S31502007C6820EE800A30EE670A704700BFD0ED037A2D
S31502007C7867EEE07A90ED137A27EE800A30EE470A2D
S31502007C88704700BF80EF506080ED0A7F80ED117F5C
S31502007C98704700BF8C4610B580EF5060044600F16D
S31502007CA8040EBCE80F00AEE80F009CE807008EE859
S31502007CB8070084ED0A7F84ED117F10BD91ED017AEC
S31502007CC89FED1B5AD1ED027A27EE057AD0ED014ACD
S31502007CD8D0ED025A90ED036AD0ED066A67EE277A6E
S31502007CE89FED143A27EE077A84EEA55A84EE864A61
S31502007CF877EEA77AF0EE083A66EE836A65EE875A59
S31502007D0866EEA36A26EE076A37EEC57A77EEC47A76
S31502007D1882ED000AC2ED0E6AC2ED156AC2ED095A73
S31502007D2882ED106A82ED087AC2ED0F7A704700BFBB
S31502007D38DB0FC940D7B3DD3FD0ED017A90ED027A69
S31502007D48D0ED006A60EE677A20EE660A77EE877AE9
S31502007D5837EE800AC0ED027A81ED000A704700BF4D
S31502007D68D0ED037ADFED096A90ED047A67EEA67A1A
S31502007D7827EE877A67EEA77A37EE077A67EE807A72
S31502007D8881ED007AC1ED017A704700BFDB0FC94069
S31502007D9800238360704700BF9FED197AF0EE087AD8
S31502007DA820EE070A60EE277A20EE007AF0EE006AE5
S31502007DB820EE477AC0ED050A60EEA70A20EE270AEA
S31502007DC830EEA66A80ED041A76EEE06A27EE011A0C
S31502007DD8002380EE275A81EE277AC0EE865AC6EE2F
S31502007DE8867AC0ED080A80ED015AC0ED0A5A80ED7E
S31502007DF8007AC0ED097AC36083608361C361704704
S31502007E08DB0FC9400023C36083608361C361704787
S31502007E1890ED035A90ED077A70EEC50AD0ED065A30
S31502007E28D0ED097AD0ED0A3A30EE877A67EEA55A8E
S31502007E3827EE237AD0ED006A37EE257AD0ED054A89
S31502007E4890ED016A67EE266A90ED024A27EE066A07
S31502007E5880ED067A26EEA47AF7EE002A37EE047A41
S31502007E6890ED043A30EE470AC2EE837A27EE800A8C
S31502007E7830EE060A20EE240A30EE050AC0ED070A9D
S31502007E8880ED027A80ED030A704700BF838B03F404
S31502007E987043B3F5104F1CBF00238383704700BF9E
S31502007EA80346808BB0F5805F7DD2B5EEC00AF1EE4F
S31502007EB810FA186890ED042A90ED024AD0ED036A8A
S31502007EC8D0ED013A01DC40F18D8091ED006A91ED29
S31502007ED8015A26EE066A25EE055A36EE056AB1EE0F
S31502007EE8C65A93ED027A63EE853A93ED031A37EE94
S31502007EF8637A64EE042A27EE017A60EE005AD3ED1D
S31502007F08044A65EEA25A27EE075AD3ED017A85EEA0
S31502007F18256A64EEA41AB8EE003A67EEA72A36EE88
S31502007F28616A24EE833A36EE626AC6EE035AF5EEC3
S31502007F38C05AF1EE10FA83ED067A40DD92ED016A37
S31502007F48F4EEC67AF1EE10FA30D587EE006A27EE1D
S31502007F58A67A26EE066A27EE077A36EE476AB5EE5F
S31502007F68C06AF1EE10FA54BFF1EEC66ADFED276A6F
S31502007F7876EEC26A93ED057A86EE846AB4EEC67A1E
S31502007F88F1EE10FA10DAB5EEC06AF1EE10FA9FEDCC
S31502007F981F7AACBF0020012027FE067A988382ED5D
S31502007FA8007AC2ED017A70470220F7E7F1EE677AA6
S31502007FB8F4EEC67AF1EE10FA77FE867AC5E7F4EEA3
S31502007FC8E54AF1EE10FA12DD26EE806AC7EE067A67
S31502007FD892ED016AF0EEE77AF4EEC67AF1EE10FA5D
S31502007FE8B3D4E3E74FF4004210469A83704765EE2E
S31502007FF8A55A72EEE52AF5EEC02AF1EE10FA54BF3A
S31502008008F1EEE27ADFED017A98E700BF00000000A0
S3150200801859B3D1ED047AF5EEC07AF1EE10FA24DD01
S3150200802891ED027AB5EEC07AF1EE10FA1DDDD1EDC8
S31502008038036AF5EEC06AF1EE10FA16DDD1ED016AB1
S31502008048F5EEC06AF1EE10FA0FDD49F20103C7EE4A
S31502008058876A828BF1EE667A9A4208BF0023C0EDE0
S31502008068047A016008BF8383704749F20103838358
S31502008078704700BF10B5FFF7CBFFF5EEC00AF1EE69
S3150200808810FA044649F203033ADD828BC0ED020A6E
S315020080989A4228D0B5EEC00AF1EE10FA2ADD94ED1E
S315020080A8047AF1EE407AB4EE677A49F20202F1EE08
S315020080B810FAA38B77FE277A934284ED010AC4ED60
S315020080C8057A0DD049F204020E499342E16004D0C2
S315020080D803F47043B3F5104F01D00023A38310BDF8
S315020080E8084BE360F9E7B5EEC00A0023F1EE10FA91
S315020080F88383D4DC49F20202024BA283E36010BDF9
S315020081088383C7E73333733FB5EEC00AF1EE10FA3D
S3150200811849F2030308DD828B80ED020A9A4200D0F7
S31502008128704700238383704783837047808B0038A8
S3150200813818BF0120704700BF038891ED006A03FB50
S3150200814803F39FED125A07EE903AD0ED046A91EDC9
S31502008158017A26EE056AF8EEE77AD0ED055A67EE59
S31502008168A67A37EE077A66EE066A27EE067A66EE8C
S31502008178A56A27EE257A66EE806A87EE276A86EE74
S31502008188A77A82ED016A82ED027A7047DB0FC9404F
S3150200819880EF506000239FED084B9FED095B80ED51
S315020081A8007F80ED0A5F80ED0E7F80ED127F03610E
S315020081B883657047AFF300800000000000000000EE
S315020081C80000803F00000000002380EF506003613A
S315020081D880ED007F80ED0D7F8362C362704700BF2A
S315020081E891ED057ADFED324AB0EE005AF7EE006AF3
S315020081F885EE006AD0ED0C5A27EE247AD1ED067A7E
S31502008208F1EE003A36EEC64A65EEA45A67EE004A21
S3150200821827EEA33A27EE247A75EE865AB1EE444A39
S3150200822888B027EE000A8DED056A64EEA77A83EE1A
S31502008238246A8DED064A86EEA54ACDED004A77EE0A
S31502008248A65A76EE264A8DED044A77EEE67A83EE4C
S31502008258804A75EEA55A77EEA77A74EE844AF2EE4C
S31502008268002AC5EE873AC7EE875AC6EEA47A82EE88
S31502008278803A36EEC66A8DED020ACDED073A8DEDE5
S31502008288017ACDED037A35EE435A36EE046A9DED50
S31502008298041F9DED003F80ED051FC0ED095A80EDD4
S315020082A8113F80ED155A80ED166A08B0704700BF77
S315020082B8DB0FC9400B882DED028B05EE103AB8EE9E
S315020082C8C55A91ED048A65EE005A90ED016A65EE8B
S315020082D8885A88B0D0ED0A6A8DED066AD0ED061A7C
S315020082E890ED077A35EEC66A26EE877A26EE216A79
S315020082F8D1ED058A90ED052A37EE067AC5EE287A7B
S3150200830827EE027AD0ED082A90ED091AC0ED0B6A1B
S3150200831866EEA76A67EE277A66EE816A67EEA27A42
S31502008328D0ED033A77EEA67A90ED0F4A77EEE37A26
S3150200833834EE040A77EEA00A90ED103AD0ED154A0B
S315020083488DED034A30EE200A90ED0D4A90ED165A4D
S3150200835890ED0E8A64EE244A30EE030A25EE085A98
S3150200836830EE640ACDED055A30EE450AD0ED145AC0
S31502008378CDED077ACDED040A20EE250A80ED0A7ABC
S315020083889DED047F8DED014ACDED020A8DED000AC1
S31502008398C0ED043A80ED007F9DED007F80ED0D7FF4
S315020083A808B0BDEC028B7047F0EE407A08B5B0EE25
S315020083B8420A2DED048B87EEA08AB0EE419AF0EEC2
S315020083C8618A00F00DFB28EE098AC8EE807A37EE3C
S315020083D8C80ABDEC048B08BD10B504462DED048B06
S315020083E860EE008AB0EE410AB0EE418AB0EE609ABB
S315020083F800F002FA238894ED047A07EE903AF8EE32
S31502008408677A38EE088A67EE877AD4ED056A20EE2F
S31502008418099A88EE287A86EEA70A20EE070A30EE2F
S31502008428090ABDEC048B10BDD0ED017A90ED006A05
S3150200843870EE277ADFED1C5A90ED037AD0ED046AC6
S3150200844827EE067A67EEA67AF4EEE50A77EE877ADB
S31502008458F1EE10FA80ED010AC0ED007A30EE670AF5
S315020084681CD418DDD0ED057A90ED067A27EE800A3F
S3150200847860EE870AF0EEC07AF0EEE00AF4EEE70A5A
S31502008488F1EE10FA06D510EE103AF1EE607A002BEC
S3150200849820FEA70A704720EE250A7047D0ED057A16
S315020084A8F1EE677AE0E700BF00000000002380EDE6
S315020084B8060A0360436070470023036043607047FF
S315020084C820EE022A00B507EE901A2DED028BB0EEC9
S315020084D8408A82EE200AF8EEE77AB5EE400A27EEDF
S315020084E8811AF1EE10FA31EE011A8BB028D4B1EEE8
S315020084F8C07ADFED1F6A21EE071A61EEA61A28EE88
S31502008508228A21EE833A81EE087AF0EE007A8DED20
S31502008518097A33EE277A77EEC37A83EE076AC7EECD
S31502008528876A8DED063A8DED086ACDED076A9DEDEF
S31502008538067F80ED027F0BB0BDEC028B5DF804FB73
S315020085488DED053ACDED042ACDED031A8DED011A0E
S31502008558029000F053F89DED053AB0EE407ADDED53
S31502008568042ADDED031A9DED011A0298C1E700BF40
S31502008578DB0FC940F0EEC07AF4EEE07AF1EE10FABB
S3150200858808DDF0EEE00A10EE103AB1EE600A002BB2
S3150200859820FE800A704700BF90ED016AD0ED006A9E
S315020085A8D0ED037A90ED047A80ED010A30EE060AE0
S315020085B867EEA67A20EE070A30EE270A80ED000A51
S315020085C8704700BF02440346934200D1704703F83E
S315020085D8011BF9E7014B1868704700BF44000022E7
S315020085E80A44431E914200D1704710B511F8014B57
S315020085F8914203F8014FF9D110BD000008B52DEDDF
S31502008608028BB0EE408A00F0F3FAB4EE488AF1EE35
S3150200861810FA06D6DFED098AB4EEE88AF1EE10FA08
S3150200862802D4BDEC028B08BDFFF7D4FF88EEA80A78
S3150200863821230360BDEC028B08BD00BF00000000C9
S3150200864838B510EE105AF0EE407A25F00044B4F12F
S31502008658A14F0AD3B4F1FF4F58D8DFED4F7A002D58
S315020086689FED4E7A37FE270A38BD4D4B9C425CD8A1
S31502008678B4F1445F4DD34FF0FF3327EEA76ADFED1F
S31502008688491A9FED492A5A1CDFED485A66EE066AD0
S31502008698DFED472A9FED473ADFED473AA6EEA12AD4
S315020086A89FED464AE6EEA52ADFED454A9FED455A75
S315020086B89FED457ADFED455AA2EE263AE2EEA63A54
S315020086C8A3EE264AE3EEA64AA4EE265AA4EEA67A14
S315020086D8E5EE265A27EE267AA5EE867A27EE877AD9
S315020086E838D03B49002D3B4A01EB830102EB830359
S315020086F891ED006AD3ED006A37EE467A37EE677A6D
S3150200870836EEC70AB0DAB1EE400A38BD30EE000AD4
S3150200871838BD9FED317AF7EE006A30EE077AB4EE8D
S31502008728E67AF1EE10FAA6DD38BD00F05BF82B4BBF
S315020087389C4212D8A3F5D0039C4223D8F0EE007AC5
S315020087480023BFEE007AA0EE277A30EE270AC7EE9C
S31502008758007A92E737EEC70A38BD214B9C420BD8FE
S31502008768F7EE087A0223B7EE007AA0EE277A30EE01
S31502008778670AC0EE077A80E7BFEE007A0323C7EEE0
S31502008788007A7AE7F7EE007A012330EE677A30EE5E
S31502008798270AC7EE007A70E7DB0FC9BFDB0FC93FAE
S315020087A8FFFFDF3ED769853C59DA4B3D21A215BD4D
S315020087B86BF16EBD356B883D95879DBD6E2EBA3DB4
S315020087C8388EE3BD2549123ECDCC4CBEABAAAA3E95
S315020087D8D0A50002E0A50002CAF24971FFFF973F41
S315020087E8FFFF1B4010EE103A23F0004300EE103A4A
S315020087F8704700BF0000000030B510EE104AB7EE11
S31502008808C07A83B0C4F30A53B3F57D7F19D2B3F5A0
S31502008818667F27EE075B6CD327EE052B6C4B93ED31
S315020088281A3B93ED186B93ED164BA5EE036BA2EE6E
S31502008838047B25EE025BA6EE057BB7EEC70B03B0FB
S3150200884830BD40F22E4293425BD8614991ED086BE6
S3150200885891ED0A5B01F1700227EE066BFDEEC66B1F
S3150200886816EE903A03F500031B1606EE903A13F03D
S31502008878020FB8EEE66B08BF0A46D807A6EE457B96
S3150200888827EE076B1BD403F0030301EBC30192ED3A
S315020088981A2B92ED184B92ED163B91ED005B27EEE3
S315020088A8057BA6EE024B27EE065BA5EE037B26EEBC
S315020088B8055BA4EE057BB7EEC70B03B030BD92EDA0
S315020088C80E2B92ED0C0B26EE065BA6EE020B92ED34
S315020088D8143B92ED127B92ED104BA6EE037BA5EEAE
S315020088E8040B26EE056BA7EE060BB7EEC00B03B01C
S315020088F830BD14F0FF4FF0EE406A46D0B0EE660A7D
S31502008908DBE7B3F5FF6F3BD2C4F38360314AC4F3A6
S315020089181603C4F3C25502EB800152F8202043F431
S315020089280003086AAB400969A0FB035003FB02F285
S31502008938E3FB010202F100518D0F01F04041511A89
S3150200894805EBD47400F0E6FA234B14F0020FA3F1F8
S3150200895870029FED1D6B41EC170B08BF1346E90722
S3150200896827EE067B27EE076B14D402EBC40293EDBF
S315020089781A2B93ED184B93ED163B92ED005B8EE79F
S3150200898803B0BDE8304000F023B9B7EEC55B8DED04
S31502008998015AB3E793ED0E1B93ED0C7B26EE064BBD
S315020089A8A6EE017B93ED142B93ED125B93ED103B30
S315020089B8A6EE025BA4EE037B26EE046BA5EE067B0F
S315020089C8B7EEC70B79E700BF182D4454FB21193CB3
S315020089D850A60002F0A50002C0A600020000000090
S315020089E838B510EE104AB7EEC07AC4F30A53B3F597
S315020089F87D7F1ED2B3F5667F27EE077B6FD36A4B60
S31502008A0827EE071B93ED0E2B93ED0C6B93ED143BA0
S31502008A1893ED125BA7EE026BA7EE035B27EE017BD3
S31502008A2893ED104BA1EE046BA5EE076BB7EEC60BE2
S31502008A3838BD40F22E42934254D85B4991ED086BF9
S31502008A4891ED0A5B01F1700227EE066BFDEEC66B2D
S31502008A5816EE903A03F500031B1606EE903A13F04B
S31502008A68020FB8EEE66B08BF0A46D807A6EE457BA4
S31502008A7827EE076B1AD503F0030301EBC30192ED48
S31502008A881A2B92ED184B92ED163B91ED005B27EEF1
S31502008A98057BA6EE024B27EE065BA5EE037B26EECA
S31502008AA8055BA4EE057BB7EEC70B38BD92ED0E2B20
S31502008AB892ED0C0B26EE065BA6EE020B92ED143B2C
S31502008AC892ED127B92ED104BA6EE037BA5EE040BFC
S31502008AD826EE056BA7EE060BB7EEC00B38BDB7EE52
S31502008AE8000A38BDB3F5FF6F3DD2C4F383602F4A3F
S31502008AF8C4F31603C4F3C25502EB800152F82020D0
S31502008B0843F40003086AAB400969A0FB035003FB60
S31502008B1802F2E3FB010202F100518D0F01F040411E
S31502008B28511A05EBD47400F0F5F9214B14F0020F33
S31502008B38A3F170029FED1A6B41EC170B08BF13469F
S31502008B48E90727EE067B27EE076B10D504F0030428
S31502008B5802EBC40293ED1A2B93ED184B93ED163BD9
S31502008B6892ED005B93E7BDE8384000F031B893ED2B
S31502008B780E1B93ED0C7B26EE064BA6EE017B93EDC0
S31502008B88142B93ED125B93ED103BA6EE025BA4EE5B
S31502008B98037B26EE046BA5EE067BB7EEC70B38BD44
S31502008BA8182D4454FB21193C50A60002F0A50002D8
S31502008BB8C0A6000210B52DED028BB0EE408A04461F
S31502008BC8FFF708FD0460B0EE480ABDEC028B10BD43
S31502008BD8F0EE407A30EE407AF4EE677A87EE070ACC
S31502008BE8F1EE10FA02D62120FFF7E4BF704700BF64
S31502008BF8B1EEC00A704700BF81F0004102E000BF33
S31502008C0883F0004330B54FEA41044FEA430594EA3C
S31502008C18050F08BF90EA020F1FBF54EA000C55EA77
S31502008C28020C7FEA645C7FEA655C00F0E2804FEA48
S31502008C385454D4EB5555B8BF6D420CDD2C4480EA2A
S31502008C48020281EA030382EA000083EA010180EA5A
S31502008C58020281EA0303362D88BF30BD11F0004FA8
S31502008C684FEA01314FF4801C4CEA113102D04042DE
S31502008C7861EB410113F0004F4FEA03334CEA133319
S31502008C8802D0524263EB430394EA050F00F0A78031
S31502008C98A4F10104D5F1200E0DDB02FA0EFC22FA2C
S31502008CA805F2801841F1000103FA0EF2801843FA20
S31502008CB805F359410EE0A5F120050EF1200E012A11
S31502008CC803FA0EFC28BF4CF0020C43FA05F3C0184F
S31502008CD851EBE37101F0004507D54FF0000EDCF1C8
S31502008CE8000C7EEB00006EEB0101B1F5801F1BD371
S31502008CF8B1F5001F0CD349085FEA30004FEA3C0C75
S31502008D0804F101044FEA445212F5800F80F09A806A
S31502008D18BCF1004F08BF5FEA500C50F1000041EB6E
S31502008D28045141EA050130BD5FEA4C0C404141EB72
S31502008D380101013C28BFB1F5801FE9D291F0000F6D
S31502008D4804BF01460020B1FA81F308BF2033A3F11C
S31502008D580B03B3F120020CDA0C3208DD02F1140C13
S31502008D68C2F10C0201FA0CF021FA02F10CE002F14E
S31502008D781402D8BFC2F1200C01FA02F120FA0CFC47
S31502008D88DCBF41EA0C019040E41AA2BF01EB045190
S31502008D98294330BD6FEA04041F3C1CDA0C340EDC8E
S31502008DA804F11404C4F1200220FA04F001FA02F3D1
S31502008DB840EA030021FA04F345EA030130BDC4F18F
S31502008DC80C04C4F1200220FA02F001FA04F340EA84
S31502008DD80300294630BD21FA04F0294630BD94F035
S31502008DE8000F83F4801306BF81F480110134013D1C
S31502008DF84EE77FEA645C18BF7FEA655C29D094EA8D
S31502008E08050F08BF90EA020F05D054EA000C04BF0A
S31502008E181946104630BD91EA030F1EBF00210020F5
S31502008E2830BD5FEA545C05D14000494128BF41F094
S31502008E38004130BD14F580043CBF01F5801130BDF8
S31502008E4801F0004545F0FE4141F470014FF0000083
S31502008E5830BD7FEA645C1ABF194610467FEA655C34
S31502008E681CBF0B46024650EA013406BF52EA0335D6
S31502008E7891EA030F41F4002130BD00BF90F0000FC4
S31502008E8804BF0021704730B54FF4806404F1320400
S31502008E984FF000054FF0000150E700BF90F0000FB9
S31502008EA804BF0021704730B54FF4806404F13204E0
S31502008EB810F0004548BF40424FF000013EE700BFB0
S31502008EC842004FEAE2014FEA31014FEA02701FBF40
S31502008ED812F07F4393F07F4F81F06051704732F072
S31502008EE87F4208BF704793F07F4F04BF41F40021C9
S31502008EF8704730B54FF4607401F0004521F0004127
S31502008F081CE700BF50EA010208BF704730B54FF0B0
S31502008F1800050AE050EA010208BF704730B511F0B1
S31502008F28004502D5404261EB41014FF4806404F1E9
S31502008F3832045FEA915C3FF4D8AE4FF003025FEA6F
S31502008F48DC0C18BF03325FEADC0C18BF033202EBF3
S31502008F58DC02C2F1200300FA03FC20FA02F001FA4D
S31502008F6803FE40EA0E0021FA02F11444BDE600BFF0
S31502008F7842727573686C657373204443204D6F742F
S31502008F886F7220284475616C2900000053656E7360
S31502008F986F726C65737320766563746F7220636F84
S31502008FA86E74726F6C2028537065656420636F6EE9
S31502008FB874726F6C290000004D43492D4C562D31B1
S31502008FC800000000EC0B0022C89B0002A8A20002C7
S31502008FD8E48F000200000000F40B0022040C0022B9
S31502008FE8F48F00024C91000260A30002FCFF00000D
S31502008FF80000DFDF00FFFF00CD4000020000000096
S3150200900810900002000000000000010000000100AC
S31502009018000001000000010000000000010101013A
S3150200902801010101020002006400030000000000C1
S31502009038000000000101000000000000000000001E
S315020090480000000000000000000000000000000010
S315020090580000000000000000000000000000000000
S315020090680000000000000000000000000A000600E0
S315020090785F000500149100020A005F005F005F00AE
S315020090885F005F005F005F005F005F005F005F00D8
S315020090985F005F005F005F00550000005F0005008B
S315020090A85F00050005050000000000000000000042
S315020090B800000000000000000000000000000000A0
S315020090C80000000000000000004000000040000010
S315020090D80040000000400000004000000040000080
S315020090E800400000004000000000000000000000F0
S315020090F80000000000000000000000000000000060
S315020091080000000000000000000000000F0FFFFF33
S31502009118FFFFFFFFFFFFFFFFFFFFFFFFFFFF05FF49
S3150200912805FFFFFFFFFFFFFF0203DFDFDFDFDFDFF2
S31502009138DFDFDFDFDFDFDFDFDFDF04DF05DFDFDFE4
S31502009148DFDFDFDF040000005891000200000000A4
S31502009158BC910002A091000284910002689100026B
S3150200916803000102000000002000000000000000C9
S315020091780000000000000000D8910002020001036E
S3150200918801000000200000000000000000000000AE
S3150200919800000000E0910002010101020000000047
S315020091A800010000000000000000000000000000AE
S315020091B8EC91000200010103010000000001000019
S315020091C8000000000000000000000000F491000208
S315020091D81492000200920002509200023C9200028F
S315020091E8289200027892000264920002B492000267
S315020091F8A09200028C9200020900000004110000ED
S315020092080000000000000000000012000800000034
S315020092180412000000000000000000000000120016
S315020092280700000003000000000000000000000024
S3150200923800001200060000000304000000000000FF
S3150200924800000000000012000500000003020000F2
S3150200925800000000000000000000120004000000E8
S31502009268020F0000000000000000000000001200CB
S3150200927803000000020700000000000000000000D2
S315020092880000120002000000010A000000000000AF
S3150200929800000000000012000100000001080000A2
S315020092A8000000000000000000001200000000009C
S315020092B80106000000000000000000000000120085
S315020092C82C0C0022D492000288A20002010000009F
S315020092D801050000B91A00020000000000000000A3
S315020092E8000000000000000000000000440C0022FC
S315020092F80093000288A10002249300022C94000223
S31502009308211B000200000000149300020ABA624000
S315020093180000704200A08C4500000041E40C0022C7
S315020093283093000258A10002500C0022800C002241
S31502009338F893000200000000FD2E0002F4920002DB
S315020093484C930002010000006F12033A000000402D
S315020093580000000000001646000020410000000040
S315020093688FC2D53FCDCC4C3E0000C8420100010059
S31502009378000000009A99993AA69BC43B0000803FD8
S315020093889A99993E00000000000000000000FA4485
S315020093980000C844CDCCCC3C0000204100000000AF
S315020093A800000000000000000000000000000000AD
S315020093B80000000000000000000040400000803F5E
S315020093C8000020400000803F000020410000484382
S315020093D80000803F00000000040000006666A63F09
S315020093E8C364AA3AC364AA3A4356373C6705763633
S315020093F87C0E0022049400022CA300020000000046
S31502009408127A000000000000093D0000000A01006F
S31502009418F9290002249300022494000200000001A4
S3150200942800000001A00E00223894000258A2000291
S315020094389494000200970002992E0002F492000208
S315020094485094000200000000000200005839F43E61
S31502009458B6F33D3F1D5A643FBE9F7A3FE926813FD8
S315020094683108AC3C96430B3D6F12833DC1CA213E7F
S31502009478CDCCCC3E010100000000C03FCDCC4C3D16
S3150200948800004041040000221C000022C00F0022F6
S31502009498A094000238A200020000000006080A078B
S315020094A814130000000000000200000030950002BC
S315020094B8914700022C940002C4940002FA000000AC
S315020094C80000A041F4010000000084411F059342F8
S315020094D800F07F4500E0FF440000803FF4010100F0
S315020094E805060406030602060C060D060000A04140
S315020094F82C010000F000000000000000000000003F
S31502009508000000000000C041ABAA2A3D0AD7233D4D
S315020095180000703F0AD7233D0000003F000000000C
S3150200952800000000D88F0002681000223C95000255
S31502009538DCA20002010000005C950002E895000228
S31502009548749600020000000080030000000000007C
S31502009558000000008410002268950002F8A20002AA
S31502009568040000006A18000000000000350C000024
S3150200957808FFDF00000000000000000088950002D6
S3150200958801000101000000000000000000000000C8
S3150200959800000000000000000000000000000000BB
S315020095A80000FFFFDFDF00000000000000000000EF
S315020095B800000000C895000200000000000000003C
S315020095C8FFDF000002000000F4010000F4010000C1
S315020095D80000000000000000000000010100000079
S315020095E8A4100022F4950002F8A20002040000006A
S315020095F86A18000000000000350C000007FFDF00B3
S31502009608000000000000000014960002010001019B
S31502009618000000000000000000000000000000003A
S315020096280000000000000000000000000000FFFF2C
S31502009638DFDF00000000000000000000000000005C
S31502009648549600020000000000000000FFDF000040
S3150200965800000000F4010000F40100000000000010
S31502009668000000000000000101000000C4100022F2
S3150200967880960002F8A20002040000006A180000A0
S3150200968800000000350C000009FFDF0000000000A2
S3150200969800000000A096000201000101000000007F
S315020096A800000000000000000000000000000000AA
S315020096B800000000000000000000FFFFDFDF0000DE
S315020096C8000000000000000000000000E096000212
S315020096D80000000000000000FFDF0000000000009C
S315020096E8F4010000F4010000000000000000000080
S315020096F80000000101000000E41000220C9700029D
S31502009708FCA10002000000001497000201000000FC
S3150200971800007A440000803F0000A0410000803F1C
S3150200972817B75138040000006666A63FC364AA3A12
S31502009738C364AA3A4356373C670576368FC2D53F85
S31502009748801100225497000288A20002010000003C
S3150200975801050000ED1A00020000000000000000EA
S315020097680100000006000000000000009811002217
S315020097788097000288A10002A4970002AC98000212
S31502009788A11B000200000000949700020ABA624078
S315020097980000704200A08C450000004138120022E9
S315020097A8B097000258A10002A4110022D411002287
S315020097B87898000200000000FD2E0002749700024D
S315020097C8CC970002010000006F12033A0000004025
S315020097D800000000000016460000204100000000BC
S315020097E88FC2D53FCDCC4C3E0000C84201000100D5
S315020097F8000000009A99993AA69BC43B0000803F54
S315020098089A99993E00000000000000000000FA4400
S315020098180000C844CDCCCC3C00002041000000002A
S315020098280000000000000000000000000000000028
S315020098380000000000000000000040400000803FD9
S31502009848000020400000803F0000204100004843FD
S315020098580000803F00000000040000006666A63F84
S31502009868C364AA3AC364AA3A4356373C67057636AE
S31502009878D0130022849800022CA3000200000000E4
S31502009888127A000000000000093D0000010A0700E4
S31502009898F9290002A4970002A49800020000000118
S315020098A800000001F0130022B898000258A2000234
S315020098B814990002809B0002992E000274970002F6
S315020098C8D098000200000000000200005839F43E59
S315020098D8B6F33D3F1D5A643FBE9F7A3FE926813F54
S315020098E83108AC3C96430B3D6F12833DC1CA213EFB
S315020098F8CDCCCC3E010100000000C03FCDCC4C3D92
S3150200990800004041240000223C00002210150022DB
S315020099182099000238A20002000000000200041288
S315020099281B1C00000000000002000000B0990002A3
S3150200993891470002AC98000244990002FA0000001E
S315020099480000A041F4010000000084411F05934273
S3150200995800F07F4500E0FF440000803FF40101006B
S315020099680302020201060006050204020000A041E3
S315020099782C010000F00000000000020000000000B8
S31502009988000000000000C041ABAA2A3D0AD7233DC9
S315020099980000703F0AD7233D0000003F0000000088
S315020099A800000000D88F0002B8150022BC990002F8
S315020099B8DCA2000201000000DC990002689A00029B
S315020099C8F49A000200000000700000000000000087
S315020099D800000000D4150022E8990002F8A200024D
S315020099E8040000006A18000000000000350C0000A0
S315020099F805FFDF000000000000000000089A0002D0
S31502009A080100010100000000000000000000000043
S31502009A180000000000000000000000000000000036
S31502009A280000FFFFDFDF000000000000000000006A
S31502009A3800000000489A0002000000000000000032
S31502009A48FFDF010002000000F4010000F40100003B
S31502009A5800000000000000000000000101000000F4
S31502009A68F4150022749A0002F8A20002040000000B
S31502009A786A18000000000000350C000006FFDF002F
S31502009A880000000000000000949A00020100010193
S31502009A9800000000000000000000000000000000B6
S31502009AA80000000000000000000000000000FFFFA8
S31502009AB8DFDF0000000000000000000000000000D8
S31502009AC8D49A00020000000000000000FFDF010037
S31502009AD800000000F4010000F4010000000000008C
S31502009AE80000000000000001010000001416002218
S31502009AF8009B0002F8A20002040000006A18000097
S31502009B0800000000350C000004FFDF000000000022
S31502009B1800000000209B0002010001010000000075
S31502009B280000000000000000000000000000000025
S31502009B3800000000000000000000FFFFDFDF000059
S31502009B48000000000000000000000000609B000208
S31502009B580000000000000000FFDF01000000000016
S31502009B68F4010000F40100000000000000000000FB
S31502009B780000000101000000341600228C9B00023E
S31502009B88FCA1000200000000949B000201000000F4
S31502009B9800007A440000803F0000A0410000803F98
S31502009BA817B75138040000006666A63FC364AA3A8E
S31502009BB8C364AA3A4356373C670576368FC2D53F01
S31502009BC8AE000000D49B00020000000000800000E6
S31502009BD80000000000800000010000000080000074
S31502009BE80200000000800000030000000080000060
S31502009BF8040000000080000005000000008000004C
S31502009C080600000000800000070000000080000037
S31502009C180800000000800000090000000080000023
S31502009C280A000000008000000B000000008000000F
S31502009C380C000000008000000D00000000800000FB
S31502009C480E000000008000000F0000000000000067
S31502009C5800010000000001020101000000000103EA
S31502009C6802010000000001030301000000000000D9
S31502009C780A010000000001150B01000000000102A4
S31502009C880C010000000001060D0100000004010697
S31502009C980E010000000401060F0100000000010089
S31502009CA80102000000000103020200000000010395
S31502009CB80302000000000103040200000000010381
S31502009CC8050200000000011A060200000400000056
S31502009CD8070200000000010008020000000001005F
S31502009CE809020000000001000A020000000001004B
S31502009CF80B020000000001000C0200000000010037
S31502009D080D02000000000103000300000000011A12
S31502009D18040300000000011A050300000000011AEE
S31502009D28060300000000011A070300000000011ADA
S31502009D380803000004000000090300000000011ADD
S31502009D480A0300000000011A0B0300000000011AB2
S31502009D580C030000000000000D0300000040000094
S31502009D680E030000000001060F03000000000105B3
S31502009D780004000000000105010400000000011AA9
S31502009D88020400000000011A030400000000011A80
S31502009D98040400000000011A050400000000011A6C
S31502009DA80604000000000113070400000000011366
S31502009DB80804000000000113090400000400000062
S31502009DC80A040000000000000B0400000400000062
S31502009DD80C040000040000000D0400000000010449
S31502009DE80E040000000001040F04000000800000B9
S31502009DF80005000000800000010500000080000048
S31502009E080205000000000000030500000000000033
S31502009E180405000004000000050500000000010317
S31502009E280705000000000103080500000500000000
S31502009E3809050000050000000A0500000000011AD5
S31502009E480B050000040000000C050000008000005D
S31502009E580D050000000401070E05000000040107B5
S31502009E680F050000000001030006000000000103C0
S31502009E7801060000000001030206000000000103BB
S31502009E8803060000000001030406000000000103A7
S31502009E980506000000040106090600000000010686
S31502009EA80A060000040000000B0600000000010379
S31502009EB80C060000000001030D0600000500000064
S31502009EC80E060000000001020F0600000000011A3B
S31502009ED8000700000000011A010700000000011A2D
S31502009EE8020700000000011A030700000000011A19
S31502009EF8040700000000011A050700000000010916
S31502009F080607000000400000070700000000011ACB
S31502009F18080700000000011A0907000000000104F2
S31502009F280A0700000000011A0B0700000000011AC8
S31502009F380C0700000000011A0D0700000000011AB4
S31502009F480E070000004000000F0700000000000096
S31502009F58000800000040000002080000004000005F
S31502009F680308000000000102040800000080000047
S31502009F780508000000800000060800000400000032
S31502009F88080800000400000009080000008000001C
S31502009F980C080000040000000D0800000000011370
S31502009FA80E080000000001130F080000050000005B
S31502009FB8000900000000000001090000040000007A
S31502009FC8040900000000011A050900000000011A30
S31502009FD8060900000000011A070900000000011A1C
S31502009FE8080900000000011A090900000000000023
S31502009FF80B090000000000000C0900000400000024
S3150200A0080D09000000000000000A0000000001041B
S3150200A018020A000000000104030A0000050000000D
S3150200A028040A00000000010D050A000004000000F1
S3150200A038060A000000000000070A000000400000AF
S3150200A048080A000000400000090A0000004000005B
S3150200A0580A0A0000040000000B0A000000000105BD
S3150200A0680C0A0000000001050D0A000000000105A7
S3150200A0780E0A0000050000000F0A00000000011A7F
S3150200A088000B00000000011A010B00000000011A73
S3150200A098020B00000000011A030B00000000011A5F
S3150200A0A8040B000000400000050B0000040000003D
S3150200A0B8060B000000000000070B00000000011A52
S3150200A0C8080B00000000011A090B00000000011A23
S3150200A0D80A0B00000000011A0B0B00000000011A0F
S3150200A0E80C0B00000000011A0D0B00000000011AFB
S3150200A0F80E0B0000000001100F0C000000000110FA
S3150200A108000D000000000115010D000000000115F8
S3150200A118020D000000000115030D000000000115E4
S3150200A128040D000000000115050D000000000115D0
S3150200A138060D000000000115070D000000000000D2
S3150200A148D700860066036E034D034F03D8008900C5
S3150200A158211D00024520000289200002551C00022A
S3150200A168611C0002751C000271210002B51C000266
S3150200A178C11C00020D220002E91C0002F11E0002A7
S3150200A188612A0002B52A0002A52D0002F52D000259
S3150200A1983D2C0002412E0002FD2A0002652B000218
S3150200A1A8112B00021D2B0002412B0002A12D0002D9
S3150200A1B8752C0002692B0002952B0002952B0002D2
S3150200A1C8BD2B00026D2B0002BD2B0002BD2B000227
S3150200A1D8E92B0002E92B0002BD2B0002C12B00026B
S3150200A1E8E92B0002C12B0002000002010102020251
S3150200A1F802000200053000026930000285300002C2
S3150200A208812F0002A12F0002B12F0002CD2F0002DA
S3150200A218A5300002BD310002C1310002B53100028B
S3150200A228B9310002B92F0002D12F0002D52F000240
S3150200A238F53A0002453E0002E53D0002C53100023C
S3150200A248D93100027539000279320002353D000221
S3150200A2586142000205450002AD440002294100029E
S3150200A268354100025541000265410002754100026E
S3150200A2789941000289430002594500024D430002F2
S3150200A2887D4A0002094A00021D4A0002E549000207
S3150200A298F54900022D4A00020204030404040000E0
S3150200A2A8854E00029D4B0002994E0002A54E000201
S3150200A2B8694C0002B94C0002A94B0002FD4B000290
S3150200A2C8254C0002514C00029D4C0002CD4B000267
S3150200A2D8E14B0002B54F0002594F00024D4F0002F2
S3150200A2E8654F0002714F0002055000021950000224
S3150200A2F8995300024D500002415000025950000283
S3150200A308655000029D500002C5500002C15100026C
S3150200A3180151000209530002155100022D51000293
S3150200A32831570002B1590002F55B0002F55A0002E4
S3150200A3381D5B00024558000269580002A95B00022B
S3150200A348855800028958000239590002595B0002F1
S3150200A3588D580002555C0002D95E0002E5600002D3
S3150200A368795D0002915D000239650002C55D000251
S3150200A378ED5D00021565000291650002515E00025C
S3150200A388695D00022D640002115E00020A000000E7
S3150200A3984CA5000218000000CCA30002040000002D
S3150200A3A8ACA30002000000680000006800000080FC
S3150200A3B8000000800000007000000070A00000226B
S3150200A3C8A00000220000006800000068000000905B
S3150200A3D80001090D0000006800000068000000780E
S3150200A3E800010B0D0000006800000068000000274D
S3150200A3F80001020D0000006800000068600000020B
S3150200A4080001010D0000008000000080000000909D
S3150200A41800010908000000800000008000000078A2
S3150200A42800010B08000000800000008000000027E1
S3150200A438000102080000008000000080600000029F
S3150200A4480001010800000070000000700000009082
S3150200A4580001090A00000070000000700000007880
S3150200A46800010B0A000000700000007000000027BF
S3150200A4780001020A0000007000000070600000027D
S3150200A4880001010A00000000000000000000009020
S3150200A4980101090500000000000000000000007824
S3150200A4A801010B0500000000000000000000002763
S3150200A4B80100020500000000000000006000000222
S3150200A4C801000105000000200000002000000090A5
S3150200A4D801010904000000200000002000000078A5
S3150200A4E801010B04000000200000002000000027E4
S3150200A4F801000204000000200000002060000002A3
S3150200A5080100010400000022000000220000009061
S3150200A5180001090300000022000000220000007862
S3150200A52800010B03000000220000002200000027A1
S3150200A53800000203000000229400002260000002CC
S3150200A5480000010300000068000000680001000D19
S3150200A55800000068000000680001000D000000808D
S3150200A5680000008000010008000000800000008052
S3150200A5780001000800000070000000700001000AD7
S3150200A58800000070000000700001000A00000000D0
S3150200A5980000000001000005000000200000002065
S3150200A5A80100000494000022A0000022000000031B
S3150200A5B8D00400222C190022000000030100020028
S3150200A5C808001000200000006937AC3168212233E8
S3150200A5D8B40F14336821A2333863ED3EDA0F493FCC
S3150200A5E85E987B3FDA0FC93FA2000000F9A200007D
S3150200A5F883F9A2006E83F9A24E6E83F9444E6E83E6
S3150200A60815444E6E2915444EFC29154427FC291576
S3150200A6185727FC29D15727FCF5D1572734F5D157A7
S3150200A628DD34F5D1C0DD34F5DBC0DD3462DBC0DDF7
S3150200A6389562DBC0999562DB3C999562433C999594
S3150200A64890433C994190433C000000000000F03FD3
S3150200A658000000000000F0BF000000000000F0BF8C
S3150200A668000000000000F03F83C8C96D305F6441F6
S3150200A678182D4454FB21F93F000000000000F03F6A
S3150200A6881C620CFDFFFFDFBF198F06E15355A53F7C
S3150200A6989D359AE887C056BFC3F87B024393F93EB5
S3150200A6A803A695595455C5BFC40B23057610813F99
S3150200A6B824CF7437EB9429BF000000000000F03F56
S3150200A6C8000000000000F0BF000000000000F0BF1C
S3150200A6D8000000000000F03F83C8C96D305F644186
S3150200A6E8182D4454FB21F93F000000000000F0BF7A
S3150200A6F81C620CFDFFFFDF3F198F06E15355A5BF0C
S3150200A7089D359AE887C0563FC3F87B024393F9BE44
S3150200A71803A695595455C5BFC40B23057610813F28
S3150200A72824CF7437EB9429BF4275696C7420776914
S3150200A73874682052656E6573617320416476616E32
S3150200A74863656420466C657869626C6520536F663A
S3150200A7587477617265205061636B616765207665FF
S3150200A7687273696F6E20362E322E3000362E322ED6
S30D0200A778300000000000020699
S3090200A780F8B500BF61
S3090200A784F8B500BF5D
S3090200A788650100025D
S3090200A78C3D01000281
S70502006CF597
